27.10.2016;;30.09.2016;;07.09.2016;;;;;;;
;;;;;;;;;;;
rails/rails;168;rails/rails;168;rails/rails;168;1;I;rails/rails;168;>100;1
fog/fog;78;fog/fog;78;fog/fog;78;2;II;fog/fog;78;80-60;4
leereilly/swot;65;leereilly/swot;65;leereilly/swot;65;3;;leereilly/swot;65;;
rapid7/metasploit-framework;65;rapid7/metasploit-framework;65;rapid7/metasploit-framework;65;4;;rapid7/metasploit-framework;65;;
ruby/www.ruby-lang.org;62;ruby/www.ruby-lang.org;62;ruby/www.ruby-lang.org;62;5;;ruby/www.ruby-lang.org;62;;
puppetlabs/puppet;59;puppetlabs/puppet;59;puppetlabs/puppet;59;6;III;puppetlabs/puppet;59;60-40;9
spree/spree;59;spree/spree;59;spree/spree;59;7;;spree/spree;59;;
ManageIQ/manageiq;53;ManageIQ/manageiq;53;ManageIQ/manageiq;53;8;;ManageIQ/manageiq;53;;
cloudfoundry/cloud_controller_ng;50;cloudfoundry/cloud_controller_ng;50;cloudfoundry/cloud_controller_ng;50;9;;cloudfoundry/cloud_controller_ng;50;;
geoserver/geoserver;50;geoserver/geoserver;50;geoserver/geoserver;50;10;;geoserver/geoserver;50;;
mitchellh/vagrant;47;mitchellh/vagrant;47;mitchellh/vagrant;47;11;;mitchellh/vagrant;47;;
opf/openproject;44;opf/openproject;44;opf/openproject;44;12;;opf/openproject;44;;
puppetlabs/facter;44;puppetlabs/facter;44;puppetlabs/facter;44;13;;puppetlabs/facter;44;;
jruby/jruby;41;jruby/jruby;41;jruby/jruby;41;14;;jruby/jruby;41;;
Homebrew/homebrew-science;38;Homebrew/homebrew-science;38;Homebrew/homebrew-science;38;15;IV;Homebrew/homebrew-science;38;40-20;14
diaspora/diaspora;38;diaspora/diaspora;38;diaspora/diaspora;38;16;;diaspora/diaspora;38;;
github/developer.github.com;37;github/developer.github.com;37;github/developer.github.com;37;17;;rubinius/rubinius;36;;
sensu/sensu-community-plugins;37;sensu/sensu-community-plugins;37;sensu/sensu-community-plugins;37;18;;instructure/canvas-lms;36;;
instructure/canvas-lms;36;instructure/canvas-lms;36;instructure/canvas-lms;36;19;;DSpace/DSpace;32;;
rubinius/rubinius;36;rubinius/rubinius;36;rubinius/rubinius;36;20;;heroku/heroku;32;;
github/linguist;35;github/linguist;35;github/linguist;35;21;;progit/progit;28;;
DSpace/DSpace;32;DSpace/DSpace;32;DSpace/DSpace;32;22;;ruby/ruby;28;;
heroku/heroku;32;heroku/heroku;32;heroku/heroku;32;23;;SpongePowered/SpongeAPI;26;;
gradle/gradle;31;gradle/gradle;31;gradle/gradle;31;24;;projecthydra/sufia;26;;
thoughtbot/suspenders;29;thoughtbot/suspenders;29;thoughtbot/suspenders;29;25;;timmolter/XChange;24;;
zendesk/samson;29;zendesk/samson;29;zendesk/samson;29;26;;caelum/vraptor4;24;;
progit/progit;28;progit/progit;28;progit/progit;28;27;;Shopify/active_shipping;22;;
ruby/ruby;28;ruby/ruby;28;ruby/ruby;28;28;;openSUSE/open-build-service;22;;
thoughtbot/hound;28;thoughtbot/hound;28;thoughtbot/hound;28;29;V;mozilla/MozStumbler;20;20-0;22
broadinstitute/picard;27;broadinstitute/picard;27;broadinstitute/picard;27;30;;rspec/rspec-core;20;;
google/bazel;27;google/bazel;27;google/bazel;27;31;;BuildCraft/BuildCraft;18;;
SpongePowered/SpongeAPI;26;SpongePowered/SpongeAPI;26;SpongePowered/SpongeAPI;26;32;;SpoutDev/Spout;18;;
chef/chef;26;chef/chef;26;chef/chef;26;33;;alexreisner/geocoder;16;;
projecthydra/sufia;26;projecthydra/sufia;26;projecthydra/sufia;26;34;;square/okhttp;16;;
rails-api/active_model_serializers;26;rails-api/active_model_serializers;26;rails-api/active_model_serializers;26;35;;Shopify/shipit-engine;14;;
dropwizard/dropwizard;25;dropwizard/dropwizard;25;dropwizard/dropwizard;25;36;;puppetlabs/puppetlabs-firewall;14;;
openMF/mifosx;25;openMF/mifosx;25;openMF/mifosx;25;37;;Jasig/cas;12;;
refinery/refinerycms;25;refinery/refinerycms;25;refinery/refinerycms;25;38;;jcabi/jcabi-github;12;;
caelum/vraptor4;24;caelum/vraptor4;24;caelum/vraptor4;24;39;;MarkUsProject/Markus;10;;
timmolter/XChange;24;timmolter/XChange;24;timmolter/XChange;24;40;;johnbellone/consul-cookbook;10;;
SpongePowered/Sponge;23;SpongePowered/Sponge;23;SpongePowered/Sponge;23;41;;JakeWharton/u2020;8;;
google/closure-compiler;23;google/closure-compiler;23;google/closure-compiler;23;42;;hw-cookbooks/graphite;8;;
rubygems/rubygems;23;rubygems/rubygems;23;rubygems/rubygems;23;43;;Compass/compass-rails;6;;
sferik/rails_admin;23;sferik/rails_admin;23;sferik/rails_admin;23;44;;celluloid/dcell;6;;
svenfuchs/rails-i18n;23;svenfuchs/rails-i18n;23;svenfuchs/rails-i18n;23;45;;Albacore/albacore;4;;
Shopify/active_shipping;22;Shopify/active_shipping;22;Shopify/active_shipping;22;46;;MagLev/maglev;4;;
openSUSE/open-build-service;22;openSUSE/open-build-service;22;openSUSE/open-build-service;22;47;;ActiveJpa/activejpa;2;;
rubyspec/rubyspec;22;rubyspec/rubyspec;22;rubyspec/rubyspec;22;48;;dejan/auto_html;2;;
RubyMoney/money;21;RubyMoney/money;21;RubyMoney/money;21;49;;AzureAD/azure-activedirectory-library-for-android;1;;
Shopify/liquid;21;Shopify/liquid;21;Shopify/liquid;21;50;;pawurb/termit;1;;
asm-helpful/helpful-web;21;asm-helpful/helpful-web;21;asm-helpful/helpful-web;21;;;;;;
cloudfoundry/warden;21;cloudfoundry/warden;21;cloudfoundry/warden;21;;;;;;
thoughtbot/clearance;21;thoughtbot/clearance;21;thoughtbot/clearance;21;;;;;;
thoughtbot/paperclip;21;thoughtbot/paperclip;21;thoughtbot/paperclip;21;;;;;;
thoughtbot/shoulda-matchers;21;thoughtbot/shoulda-matchers;21;thoughtbot/shoulda-matchers;21;;;;;;
mozilla/MozStumbler;20;mozilla/MozStumbler;20;mozilla/MozStumbler;20;;;;;;
rackerlabs/blueflood;20;rackerlabs/blueflood;20;rackerlabs/blueflood;20;;;;;;
rspec/rspec-core;20;rspec/rspec-core;20;rspec/rspec-core;20;;;;;;
rspec/rspec-expectations;20;rspec/rspec-expectations;20;rspec/rspec-expectations;20;;;;;;
rspec/rspec-rails;20;rspec/rspec-rails;20;rspec/rspec-rails;20;;;;;;
bitcoinj/bitcoinj;19;bitcoinj/bitcoinj;19;bitcoinj/bitcoinj;19;;;;;;
mperham/sidekiq;19;mperham/sidekiq;19;mperham/sidekiq;19;;;;;;
BuildCraft/BuildCraft;18;BuildCraft/BuildCraft;18;BuildCraft/BuildCraft;18;;;;;;
Kapeli/cheatsheets;18;Kapeli/cheatsheets;18;Kapeli/cheatsheets;18;;;;;;
SonarSource/sonarqube;18;SonarSource/sonarqube;18;SonarSource/sonarqube;18;;;;;;
SpoutDev/Spout;18;SpoutDev/Spout;18;SpoutDev/Spout;18;;;;;;
eXist-db/exist;18;eXist-db/exist;18;eXist-db/exist;18;;;;;;
grpc/grpc-java;18;grpc/grpc-java;18;grpc/grpc-java;18;;;;;;
middleman/middleman-guides;18;middleman/middleman-guides;18;middleman/middleman-guides;18;;;;;;
padrino/padrino-framework;18;padrino/padrino-framework;18;padrino/padrino-framework;18;;;;;;
pry/pry;18;pry/pry;18;pry/pry;18;;;;;;
travis-ci/travis-cookbooks;18;travis-ci/travis-cookbooks;18;travis-ci/travis-cookbooks;18;;;;;;
voltrb/volt;18;voltrb/volt;18;voltrb/volt;18;;;;;;
Shopify/shopify_api;17;Shopify/shopify_api;17;Shopify/shopify_api;17;;;;;;
Shopify/shopify_app;17;Shopify/shopify_app;17;Shopify/shopify_app;17;;;;;;
bbatsov/rubocop;17;bbatsov/rubocop;17;bbatsov/rubocop;17;;;;;;
plataformatec/devise;17;plataformatec/devise;17;plataformatec/devise;17;;;;;;
rspec/rspec-mocks;17;rspec/rspec-mocks;17;rspec/rspec-mocks;17;;;;;;
alexreisner/geocoder;16;alexreisner/geocoder;16;alexreisner/geocoder;16;;;;;;
igniterealtime/Openfire;16;igniterealtime/Openfire;16;igniterealtime/Openfire;16;;;;;;
languagetool-org/languagetool;16;languagetool-org/languagetool;16;languagetool-org/languagetool;16;;;;;;
puppetlabs/puppetlabs-rabbitmq;16;puppetlabs/puppetlabs-rabbitmq;16;puppetlabs/puppetlabs-rabbitmq;16;;;;;;
rubymotion/BubbleWrap;16;rubymotion/BubbleWrap;16;rubymotion/BubbleWrap;16;;;;;;
sensu/sensu-puppet;16;sensu/sensu-puppet;16;sensu/sensu-puppet;16;;;;;;
square/okhttp;16;square/okhttp;16;square/okhttp;16;;;;;;
twitter/commons;16;twitter/commons;16;twitter/commons;16;;;;;;
HubSpot/Singularity;15;HubSpot/Singularity;15;HubSpot/Singularity;15;;;;;;
Shopify/identity_cache;15;Shopify/identity_cache;15;Shopify/identity_cache;15;;;;;;
aws/aws-sdk-ruby;15;aws/aws-sdk-ruby;15;aws/aws-sdk-ruby;15;;;;;;
carrierwaveuploader/carrierwave;15;carrierwaveuploader/carrierwave;15;carrierwaveuploader/carrierwave;15;;;;;;
chef/omnibus;15;chef/omnibus;15;chef/omnibus;15;;;;;;
facebook/buck;15;facebook/buck;15;facebook/buck;15;;;;;;
grails/grails-core;15;grails/grails-core;15;grails/grails-core;15;;;;;;
naver/pinpoint;15;naver/pinpoint;15;naver/pinpoint;15;;;;;;
plataformatec/simple_form;15;plataformatec/simple_form;15;plataformatec/simple_form;15;;;;;;
rubygems/rubygems.org;15;rubygems/rubygems.org;15;rubygems/rubygems.org;15;;;;;;
shoes/shoes4;15;shoes/shoes4;15;shoes/shoes4;15;;;;;;
sparklemotion/nokogiri;15;sparklemotion/nokogiri;15;sparklemotion/nokogiri;15;;;;;;
square/retrofit;15;square/retrofit;15;square/retrofit;15;;;;;;
sup-heliotrope/sup;15;sup-heliotrope/sup;15;sup-heliotrope/sup;15;;;;;;
thoughtbot/factory_girl;15;thoughtbot/factory_girl;15;thoughtbot/factory_girl;15;;;;;;
Shopify/shipit-engine;14;Shopify/shipit-engine;14;Shopify/shipit-engine;14;;;;;;
activeadmin/activeadmin;14;activeadmin/activeadmin;14;activeadmin/activeadmin;14;;;;;;
balanced/balanced-ruby;14;balanced/balanced-ruby;14;balanced/balanced-ruby;14;;;;;;
bndtools/bnd;14;bndtools/bnd;14;bndtools/bnd;14;;;;;;
burke/zeus;14;burke/zeus;14;burke/zeus;14;;;;;;
engineyard/engineyard-serverside;14;engineyard/engineyard-serverside;14;engineyard/engineyard-serverside;14;;;;;;
fluent/fluentd;14;fluent/fluentd;14;fluent/fluentd;14;;;;;;
loomio/loomio;14;loomio/loomio;14;loomio/loomio;14;;;;;;
puppetlabs/puppetlabs-firewall;14;puppetlabs/puppetlabs-firewall;14;puppetlabs/puppetlabs-firewall;14;;;;;;
soundcloud/lhm;14;soundcloud/lhm;14;soundcloud/lhm;14;;;;;;
spree/spree_gateway;14;spree/spree_gateway;14;spree/spree_gateway;14;;;;;;
travis-ci/travis-core;14;travis-ci/travis-core;14;travis-ci/travis-core;14;;;;;;
bellycard/napa;13;bellycard/napa;13;bellycard/napa;13;;;;;;
calagator/calagator;13;calagator/calagator;13;calagator/calagator;13;;;;;;
cantino/huginn;13;cantino/huginn;13;cantino/huginn;13;;;;;;
expertiza/expertiza;13;expertiza/expertiza;13;expertiza/expertiza;13;;;;;;
facebook/presto;13;facebook/presto;13;facebook/presto;13;;;;;;
puppetlabs/puppetlabs-stdlib;13;puppetlabs/puppetlabs-stdlib;13;puppetlabs/puppetlabs-stdlib;13;;;;;;
Jasig/cas;12;Jasig/cas;12;Jasig/cas;12;;;;;;
MrTJP/ProjectRed;12;MrTJP/ProjectRed;12;MrTJP/ProjectRed;12;;;;;;
SpoutDev/Vanilla;12;SpoutDev/Vanilla;12;SpoutDev/Vanilla;12;;;;;;
Unidata/thredds;12;Unidata/thredds;12;Unidata/thredds;12;;;;;;
bugsnag/bugsnag-ruby;12;bugsnag/bugsnag-ruby;12;bugsnag/bugsnag-ruby;12;;;;;;
celluloid/celluloid;12;celluloid/celluloid;12;celluloid/celluloid;12;;;;;;
coinbase/toshi;12;coinbase/toshi;12;coinbase/toshi;12;;;;;;
comfy/comfortable-mexican-sofa;12;comfy/comfortable-mexican-sofa;12;comfy/comfortable-mexican-sofa;12;;;;;;
datastax/ruby-driver;12;datastax/ruby-driver;12;datastax/ruby-driver;12;;;;;;
google/physical-web;12;google/physical-web;12;google/physical-web;12;;;;;;
jcabi/jcabi-github;12;jcabi/jcabi-github;12;jcabi/jcabi-github;12;;;;;;
jedi4ever/veewee;12;jedi4ever/veewee;12;jedi4ever/veewee;12;;;;;;
locomotivecms/engine;12;locomotivecms/engine;12;locomotivecms/engine;12;;;;;;
mybatis/mybatis-3;12;mybatis/mybatis-3;12;mybatis/mybatis-3;12;;;;;;
naver/yobi;12;naver/yobi;12;naver/yobi;12;;;;;;
opal/opal;12;opal/opal;12;opal/opal;12;;;;;;
owncloud/android;12;owncloud/android;12;owncloud/android;12;;;;;;
pivotal/pivotal_workstation;12;pivotal/pivotal_workstation;12;pivotal/pivotal_workstation;12;;;;;;
psu-stewardship/scholarsphere;12;psu-stewardship/scholarsphere;12;psu-stewardship/scholarsphere;12;;;;;;
puppetlabs/marionette-collective;12;puppetlabs/marionette-collective;12;puppetlabs/marionette-collective;12;;;;;;
rails/sprockets-rails;12;rails/sprockets-rails;12;rails/sprockets-rails;12;;;;;;
railsbridge/docs;12;railsbridge/docs;12;railsbridge/docs;12;;;;;;
selendroid/selendroid;12;selendroid/selendroid;12;selendroid/selendroid;12;;;;;;
swipely/docker-api;12;swipely/docker-api;12;swipely/docker-api;12;;;;;;
tim-vandecasteele/grape-swagger;12;tim-vandecasteele/grape-swagger;12;tim-vandecasteele/grape-swagger;12;;;;;;
GoogleCloudPlatform/DataflowJavaSDK;11;GoogleCloudPlatform/DataflowJavaSDK;11;GoogleCloudPlatform/DataflowJavaSDK;11;;;;;;
Growstuff/growstuff;11;Growstuff/growstuff;11;Growstuff/growstuff;11;;;;;;
JFXtras/jfxtras-labs;11;JFXtras/jfxtras-labs;11;JFXtras/jfxtras-labs;11;;;;;;
ReactiveX/RxAndroid;11;ReactiveX/RxAndroid;11;ReactiveX/RxAndroid;11;;;;;;
RubyCastsBrasil/RubyCastsBrasil;11;RubyCastsBrasil/RubyCastsBrasil;11;RubyCastsBrasil/RubyCastsBrasil;11;;;;;;
RubyMoney/money-rails;11;RubyMoney/money-rails;11;RubyMoney/money-rails;11;;;;;;
activerecord-hackery/ransack;11;activerecord-hackery/ransack;11;activerecord-hackery/ransack;11;;;;;;
apache/storm;11;apache/storm;11;apache/storm;11;;;;;;
berkshelf/vagrant-berkshelf;11;berkshelf/vagrant-berkshelf;11;berkshelf/vagrant-berkshelf;11;;;;;;
biojava/biojava;11;biojava/biojava;11;biojava/biojava;11;;;;;;
boxen/puppet-boxen;11;boxen/puppet-boxen;11;boxen/puppet-boxen;11;;;;;;
checkstyle/checkstyle;11;checkstyle/checkstyle;11;checkstyle/checkstyle;11;;;;;;
cloudfoundry/uaa;11;cloudfoundry/uaa;11;cloudfoundry/uaa;11;;;;;;
codetriage/codetriage;11;codetriage/codetriage;11;codetriage/codetriage;11;;;;;;
concerto/concerto;11;concerto/concerto;11;concerto/concerto;11;;;;;;
dropwizard/metrics;11;dropwizard/metrics;11;dropwizard/metrics;11;;;;;;
druid-io/druid;11;druid-io/druid;11;druid-io/druid;11;;;;;;
elabs/pundit;11;elabs/pundit;11;elabs/pundit;11;;;;;;
enspiral/loomio;11;enspiral/loomio;11;enspiral/loomio;11;;;;;;
gocardless/statesman;11;gocardless/statesman;11;gocardless/statesman;11;;;;;;
google/uribeacon;11;google/uribeacon;11;google/uribeacon;11;;;;;;
guard/guard;11;guard/guard;11;guard/guard;11;;;;;;
haml/haml;11;haml/haml;11;haml/haml;11;;;;;;
interagent/prmd;11;interagent/prmd;11;interagent/prmd;11;;;;;;
intuit/simple_deploy;11;intuit/simple_deploy;11;intuit/simple_deploy;11;;;;;;
junit-team/junit;11;junit-team/junit;11;junit-team/junit;11;;;;;;
lostisland/faraday;11;lostisland/faraday;11;lostisland/faraday;11;;;;;;
middleman/middleman;11;middleman/middleman;11;middleman/middleman;11;;;;;;
mikel/mail;11;mikel/mail;11;mikel/mail;11;;;;;;
openshift/rhc;11;openshift/rhc;11;openshift/rhc;11;;;;;;
projectblacklight/blacklight;11;projectblacklight/blacklight;11;projectblacklight/blacklight;11;;;;;;
radar/forem;11;radar/forem;11;radar/forem;11;;;;;;
rails/globalid;11;rails/globalid;11;rails/globalid;11;;;;;;
rubymotion/sugarcube;11;rubymotion/sugarcube;11;rubymotion/sugarcube;11;;;;;;
xtreemfs/xtreemfs;11;xtreemfs/xtreemfs;11;xtreemfs/xtreemfs;11;;;;;;
MarkUsProject/Markus;10;MarkUsProject/Markus;10;MarkUsProject/Markus;10;;;;;;
ReactiveX/RxJava;10;ReactiveX/RxJava;10;ReactiveX/RxJava;10;;;;;;
airlift/airlift;10;airlift/airlift;10;airlift/airlift;10;;;;;;
bndtools/bndtools;10;bndtools/bndtools;10;bndtools/bndtools;10;;;;;;
codefirst/AsakusaSatellite;10;codefirst/AsakusaSatellite;10;codefirst/AsakusaSatellite;10;;;;;;
dynjs/dynjs;10;dynjs/dynjs;10;dynjs/dynjs;10;;;;;;
errbit/errbit;10;errbit/errbit;10;errbit/errbit;10;;;;;;
github/hub;10;github/hub;10;github/hub;10;;;;;;
guard/listen;10;guard/listen;10;guard/listen;10;;;;;;
jnicklas/capybara;10;jnicklas/capybara;10;jnicklas/capybara;10;;;;;;
johnbellone/consul-cookbook;10;johnbellone/consul-cookbook;10;johnbellone/consul-cookbook;10;;;;;;
justinfrench/formtastic;10;justinfrench/formtastic;10;justinfrench/formtastic;10;;;;;;
mbleigh/acts-as-taggable-on;10;mbleigh/acts-as-taggable-on;10;mbleigh/acts-as-taggable-on;10;;;;;;
mcMMO-Dev/mcMMO;10;mcMMO-Dev/mcMMO;10;mcMMO-Dev/mcMMO;10;;;;;;
minimagick/minimagick;10;minimagick/minimagick;10;minimagick/minimagick;10;;;;;;
newrelic/rpm;10;newrelic/rpm;10;newrelic/rpm;10;;;;;;
norman/friendly_id;10;norman/friendly_id;10;norman/friendly_id;10;;;;;;
plataformatec/responders;10;plataformatec/responders;10;plataformatec/responders;10;;;;;;
pophealth/popHealth;10;pophealth/popHealth;10;pophealth/popHealth;10;;;;;;
puppetlabs/puppetlabs-mongodb;10;puppetlabs/puppetlabs-mongodb;10;puppetlabs/puppetlabs-mongodb;10;;;;;;
rollbar/rollbar-gem;10;rollbar/rollbar-gem;10;rollbar/rollbar-gem;10;;;;;;
square/wire;10;square/wire;10;square/wire;10;;;;;;
stripe/einhorn;10;stripe/einhorn;10;stripe/einhorn;10;;;;;;
thoughtbot/high_voltage;10;thoughtbot/high_voltage;10;thoughtbot/high_voltage;10;;;;;;
undera/jmeter-plugins;10;undera/jmeter-plugins;10;undera/jmeter-plugins;10;;;;;;
vcr/vcr;10;vcr/vcr;10;vcr/vcr;10;;;;;;
xetorthio/jedis;10;xetorthio/jedis;10;xetorthio/jedis;10;;;;;;
zanata/zanata-server;10;zanata/zanata-server;10;zanata/zanata-server;10;;;;;;
BBC-News/wraith;9;BBC-News/wraith;9;BBC-News/wraith;9;;;;;;
CloudifySource/cloudify;9;CloudifySource/cloudify;9;CloudifySource/cloudify;9;;;;;;
FenixEdu/fenixedu-academic;9;FenixEdu/fenixedu-academic;9;FenixEdu/fenixedu-academic;9;;;;;;
Homebrew/homebrew-nginx;9;Homebrew/homebrew-nginx;9;Homebrew/homebrew-nginx;9;;;;;;
IDPF/epubcheck;9;IDPF/epubcheck;9;IDPF/epubcheck;9;;;;;;
amatsuda/kaminari;9;amatsuda/kaminari;9;amatsuda/kaminari;9;;;;;;
antirez/redis-doc;9;antirez/redis-doc;9;antirez/redis-doc;9;;;;;;
avoinministerio/avoinministerio;9;avoinministerio/avoinministerio;9;avoinministerio/avoinministerio;9;;;;;;
boxen/boxen;9;boxen/boxen;9;boxen/boxen;9;;;;;;
boxen/puppet-osx;9;boxen/puppet-osx;9;boxen/puppet-osx;9;;;;;;
brooklynDev/airborne;9;brooklynDev/airborne;9;brooklynDev/airborne;9;;;;;;
celluloid/celluloid-io;9;celluloid/celluloid-io;9;celluloid/celluloid-io;9;;;;;;
codeforamerica/citygram;9;codeforamerica/citygram;9;codeforamerica/citygram;9;;;;;;
dianping/cat;9;dianping/cat;9;dianping/cat;9;;;;;;
engineyard/ey-cloud-recipes;9;engineyard/ey-cloud-recipes;9;engineyard/ey-cloud-recipes;9;;;;;;
essentials/Essentials;9;essentials/Essentials;9;essentials/Essentials;9;;;;;;
floere/phony;9;floere/phony;9;floere/phony;9;;;;;;
github/github-services;9;github/github-services;9;github/github-services;9;;;;;;
go-lang-plugin-org/go-lang-idea-plugin;9;go-lang-plugin-org/go-lang-idea-plugin;9;go-lang-plugin-org/go-lang-idea-plugin;9;;;;;;
gocardless/hutch;9;gocardless/hutch;9;gocardless/hutch;9;;;;;;
interagent/pliny;9;interagent/pliny;9;interagent/pliny;9;;;;;;
jmxtrans/jmxtrans;9;jmxtrans/jmxtrans;9;jmxtrans/jmxtrans;9;;;;;;
jneen/rouge;9;jneen/rouge;9;jneen/rouge;9;;;;;;
lian/bitcoin-ruby;9;lian/bitcoin-ruby;9;lian/bitcoin-ruby;9;;;;;;
makrio/makrio;9;makrio/makrio;9;makrio/makrio;9;;;;;;
manastech/crystal;9;manastech/crystal;9;manastech/crystal;9;;;;;;
mbj/mutant;9;mbj/mutant;9;mbj/mutant;9;;;;;;
podio/podio-rb;9;podio/podio-rb;9;podio/podio-rb;9;;;;;;
prawnpdf/prawn;9;prawnpdf/prawn;9;prawnpdf/prawn;9;;;;;;
rails/spring;9;rails/spring;9;rails/spring;9;;;;;;
reactjs/react-rails;9;reactjs/react-rails;9;reactjs/react-rails;9;;;;;;
rebelidealist/stripe-ruby-mock;9;rebelidealist/stripe-ruby-mock;9;rebelidealist/stripe-ruby-mock;9;;;;;;
redis/redis-rb;9;redis/redis-rb;9;redis/redis-rb;9;;;;;;
rightscale/right_link;9;rightscale/right_link;9;rightscale/right_link;9;;;;;;
sethvargo/chef-sugar;9;sethvargo/chef-sugar;9;sethvargo/chef-sugar;9;;;;;;
solnic/virtus;9;solnic/virtus;9;solnic/virtus;9;;;;;;
spree-contrib/spree_active_shipping;9;spree-contrib/spree_active_shipping;9;spree-contrib/spree_active_shipping;9;;;;;;
spring-io/sagan;9;spring-io/sagan;9;spring-io/sagan;9;;;;;;
square/dagger;9;square/dagger;9;square/dagger;9;;;;;;
square/picasso;9;square/picasso;9;square/picasso;9;;;;;;
sul-dlss/spotlight;9;sul-dlss/spotlight;9;sul-dlss/spotlight;9;;;;;;
theforeman/foreman;9;theforeman/foreman;9;theforeman/foreman;9;;;;;;
thinkaurelius/titan;9;thinkaurelius/titan;9;thinkaurelius/titan;9;;;;;;
thoughtbot/griddler;9;thoughtbot/griddler;9;thoughtbot/griddler;9;;;;;;
toptal/chewy;9;toptal/chewy;9;toptal/chewy;9;;;;;;
twall/jna;9;twall/jna;9;twall/jna;9;;;;;;
twbs/bootstrap-sass;9;twbs/bootstrap-sass;9;twbs/bootstrap-sass;9;;;;;;
twers/re-education;9;twers/re-education;9;twers/re-education;9;;;;;;
weld/core;9;weld/core;9;weld/core;9;;;;;;
JakeWharton/u2020;8;JakeWharton/u2020;8;JakeWharton/u2020;8;;;;;;
RS485/LogisticsPipes;8;RS485/LogisticsPipes;8;RS485/LogisticsPipes;8;;;;;;
ReactiveX/RxNetty;8;ReactiveX/RxNetty;8;ReactiveX/RxNetty;8;;;;;;
Shopify/statsd-instrument;8;Shopify/statsd-instrument;8;Shopify/statsd-instrument;8;;;;;;
ThoughtWorksStudios/eb_deployer;8;ThoughtWorksStudios/eb_deployer;8;ThoughtWorksStudios/eb_deployer;8;;;;;;
caelum/mamute;8;caelum/mamute;8;caelum/mamute;8;;;;;;
caskdata/tephra;8;caskdata/tephra;8;caskdata/tephra;8;;;;;;
cerebris/jsonapi-resources;8;cerebris/jsonapi-resources;8;cerebris/jsonapi-resources;8;;;;;;
chanks/que;8;chanks/que;8;chanks/que;8;;;;;;
charliesome/better_errors;8;charliesome/better_errors;8;charliesome/better_errors;8;;;;;;
drapergem/draper;8;drapergem/draper;8;drapergem/draper;8;;;;;;
edelight/chef-mongodb;8;edelight/chef-mongodb;8;edelight/chef-mongodb;8;;;;;;
engineyard/engineyard;8;engineyard/engineyard;8;engineyard/engineyard;8;;;;;;
gitlabhq/gitlab-ci;8;gitlabhq/gitlab-ci;8;gitlabhq/gitlab-ci;8;;;;;;
graphhopper/graphhopper;8;graphhopper/graphhopper;8;graphhopper/graphhopper;8;;;;;;
hw-cookbooks/graphite;8;hw-cookbooks/graphite;8;hw-cookbooks/graphite;8;;;;;;
jruby/activerecord-jdbc-adapter;8;jruby/activerecord-jdbc-adapter;8;jruby/activerecord-jdbc-adapter;8;;;;;;
l0rdn1kk0n/wicket-bootstrap;8;l0rdn1kk0n/wicket-bootstrap;8;l0rdn1kk0n/wicket-bootstrap;8;;;;;;
nesquena/rabl;8;nesquena/rabl;8;nesquena/rabl;8;;;;;;
nutzam/nutz;8;nutzam/nutz;8;nutzam/nutz;8;;;;;;
perfectsense/brightspot-cms;8;perfectsense/brightspot-cms;8;perfectsense/brightspot-cms;8;;;;;;
presidentbeef/brakeman;8;presidentbeef/brakeman;8;presidentbeef/brakeman;8;;;;;;
rails/activejob;8;rails/activejob;8;rails/activejob;8;;;;;;
rails/protected_attributes;8;rails/protected_attributes;8;rails/protected_attributes;8;;;;;;
recurly/recurly-client-ruby;8;recurly/recurly-client-ruby;8;recurly/recurly-client-ruby;8;;;;;;
rpush/rpush;8;rpush/rpush;8;rpush/rpush;8;;;;;;
rundeck/rundeck;8;rundeck/rundeck;8;rundeck/rundeck;8;;;;;;
sferik/twitter;8;sferik/twitter;8;sferik/twitter;8;;;;;;
spotify/docker-client;8;spotify/docker-client;8;spotify/docker-client;8;;;;;;
spotify/helios;8;spotify/helios;8;spotify/helios;8;;;;;;
structr/structr;8;structr/structr;8;structr/structr;8;;;;;;
tdiary/tdiary-core;8;tdiary/tdiary-core;8;tdiary/tdiary-core;8;;;;;;
technicalpickles/homesick;8;technicalpickles/homesick;8;technicalpickles/homesick;8;;;;;;
test-kitchen/test-kitchen;8;test-kitchen/test-kitchen;8;test-kitchen/test-kitchen;8;;;;;;
thoughtbot/gitsh;8;thoughtbot/gitsh;8;thoughtbot/gitsh;8;;;;;;
tinkerpop/rexster;8;tinkerpop/rexster;8;tinkerpop/rexster;8;;;;;;
troessner/reek;8;troessner/reek;8;troessner/reek;8;;;;;;
trulia/hologram;8;trulia/hologram;8;trulia/hologram;8;;;;;;
twilio/twilio-ruby;8;twilio/twilio-ruby;8;twilio/twilio-ruby;8;;;;;;
twitter/hraven;8;twitter/hraven;8;twitter/hraven;8;;;;;;
twitter/secureheaders;8;twitter/secureheaders;8;twitter/secureheaders;8;;;;;;
typhoeus/typhoeus;8;typhoeus/typhoeus;8;typhoeus/typhoeus;8;;;;;;
vigetlabs/sprig;8;vigetlabs/sprig;8;vigetlabs/sprig;8;;;;;;
whichdigital/active-rest-client;8;whichdigital/active-rest-client;8;whichdigital/active-rest-client;8;;;;;;
Azure/azure-sdk-for-ruby;7;Azure/azure-sdk-for-ruby;7;Azure/azure-sdk-for-ruby;7;;;;;;
CanCanCommunity/cancancan;7;CanCanCommunity/cancancan;7;CanCanCommunity/cancancan;7;;;;;;
EmmanuelOga/ffaker;7;EmmanuelOga/ffaker;7;EmmanuelOga/ffaker;7;;;;;;
Fullscreen/bh;7;Fullscreen/bh;7;Fullscreen/bh;7;;;;;;
L2J/L2J_Server;7;L2J/L2J_Server;7;L2J/L2J_Server;7;;;;;;
NARKOZ/gitlab;7;NARKOZ/gitlab;7;NARKOZ/gitlab;7;;;;;;
OpenSOC/opensoc-streaming;7;OpenSOC/opensoc-streaming;7;OpenSOC/opensoc-streaming;7;;;;;;
adamfisk/LittleProxy;7;adamfisk/LittleProxy;7;adamfisk/LittleProxy;7;;;;;;
adelevie/parse-ruby-client;7;adelevie/parse-ruby-client;7;adelevie/parse-ruby-client;7;;;;;;
amahi/platform;7;amahi/platform;7;amahi/platform;7;;;;;;
benbalter/gman;7;benbalter/gman;7;benbalter/gman;7;;;;;;
brettwooldridge/HikariCP;7;brettwooldridge/HikariCP;7;brettwooldridge/HikariCP;7;;;;;;
brianfrankcooper/YCSB;7;brianfrankcooper/YCSB;7;brianfrankcooper/YCSB;7;;;;;;
brooklyncentral/clocker;7;brooklyncentral/clocker;7;brooklyncentral/clocker;7;;;;;;
caelum/vraptor;7;caelum/vraptor;7;caelum/vraptor;7;;;;;;
codevise/pageflow;7;codevise/pageflow;7;codevise/pageflow;7;;;;;;
collectiveidea/awesome_nested_set;7;collectiveidea/awesome_nested_set;7;collectiveidea/awesome_nested_set;7;;;;;;
davetron5000/gli;7;davetron5000/gli;7;davetron5000/gli;7;;;;;;
excilys/androidannotations;7;excilys/androidannotations;7;excilys/androidannotations;7;;;;;;
github/pages-gem;7;github/pages-gem;7;github/pages-gem;7;;;;;;
gitlabhq/gitlab-ci-runner;7;gitlabhq/gitlab-ci-runner;7;gitlabhq/gitlab-ci-runner;7;;;;;;
gma/nesta;7;gma/nesta;7;gma/nesta;7;;;;;;
google/guava;7;google/guava;7;google/guava;7;;;;;;
google/guice;7;google/guice;7;google/guice;7;;;;;;
guard/guard-rspec;7;guard/guard-rspec;7;guard/guard-rspec;7;;;;;;
gwtbootstrap/gwt-bootstrap;7;gwtbootstrap/gwt-bootstrap;7;gwtbootstrap/gwt-bootstrap;7;;;;;;
hybridgroup/artoo;7;hybridgroup/artoo;7;hybridgroup/artoo;7;;;;;;
imathis/octopress;7;imathis/octopress;7;imathis/octopress;7;;;;;;
jcabi/jcabi-aspects;7;jcabi/jcabi-aspects;7;jcabi/jcabi-aspects;7;;;;;;
jekyll/jekyll-sitemap;7;jekyll/jekyll-sitemap;7;jekyll/jekyll-sitemap;7;;;;;;
jpos/jPOS;7;jpos/jPOS;7;jpos/jPOS;7;;;;;;
jsmestad/pivotal-tracker;7;jsmestad/pivotal-tracker;7;jsmestad/pivotal-tracker;7;;;;;;
keenlabs/keen-gem;7;keenlabs/keen-gem;7;keenlabs/keen-gem;7;;;;;;
kmuto/review;7;kmuto/review;7;kmuto/review;7;;;;;;
kostya/eye;7;kostya/eye;7;kostya/eye;7;;;;;;
loopj/android-async-http;7;loopj/android-async-http;7;loopj/android-async-http;7;;;;;;
lostisland/faraday_middleware;7;lostisland/faraday_middleware;7;lostisland/faraday_middleware;7;;;;;;
lotus/router;7;lotus/router;7;lotus/router;7;;;;;;
mceachen/closure_tree;7;mceachen/closure_tree;7;mceachen/closure_tree;7;;;;;;
michelson/lazy_high_charts;7;michelson/lazy_high_charts;7;michelson/lazy_high_charts;7;;;;;;
mockito/mockito;7;mockito/mockito;7;mockito/mockito;7;;;;;;
mongoid/moped;7;mongoid/moped;7;mongoid/moped;7;;;;;;
mroth/lolcommits;7;mroth/lolcommits;7;mroth/lolcommits;7;;;;;;
neo4jrb/neo4j;7;neo4jrb/neo4j;7;neo4jrb/neo4j;7;;;;;;
pearkes/tugboat;7;pearkes/tugboat;7;pearkes/tugboat;7;;;;;;
peter-murach/github;7;peter-murach/github;7;peter-murach/github;7;;;;;;
polleverywhere/firehose;7;polleverywhere/firehose;7;polleverywhere/firehose;7;;;;;;
radar/paranoia;7;radar/paranoia;7;radar/paranoia;7;;;;;;
rails/strong_parameters;7;rails/strong_parameters;7;rails/strong_parameters;7;;;;;;
randym/axlsx;7;randym/axlsx;7;randym/axlsx;7;;;;;;
rdoc/rdoc;7;rdoc/rdoc;7;rdoc/rdoc;7;;;;;;
refinery/refinerycms-blog;7;refinery/refinerycms-blog;7;refinery/refinerycms-blog;7;;;;;;
remiprev/her;7;remiprev/her;7;remiprev/her;7;;;;;;
resque/resque;7;resque/resque;7;resque/resque;7;;;;;;
restlet/restlet-framework-java;7;restlet/restlet-framework-java;7;restlet/restlet-framework-java;7;;;;;;
rodjek/librarian-puppet;7;rodjek/librarian-puppet;7;rodjek/librarian-puppet;7;;;;;;
rubber/rubber;7;rubber/rubber;7;rubber/rubber;7;;;;;;
ruby-concurrency/concurrent-ruby;7;ruby-concurrency/concurrent-ruby;7;ruby-concurrency/concurrent-ruby;7;;;;;;
sanity/quickml;7;sanity/quickml;7;sanity/quickml;7;;;;;;
sensu/sensu;7;sensu/sensu;7;sensu/sensu;7;;;;;;
shadabahmed/logstasher;7;shadabahmed/logstasher;7;shadabahmed/logstasher;7;;;;;;
square/shuttle;7;square/shuttle;7;square/shuttle;7;;;;;;
swipely/dockly;7;swipely/dockly;7;swipely/dockly;7;;;;;;
syncany/syncany;7;syncany/syncany;7;syncany/syncany;7;;;;;;
test-kitchen/kitchen-vagrant;7;test-kitchen/kitchen-vagrant;7;test-kitchen/kitchen-vagrant;7;;;;;;
tmuxinator/tmuxinator;7;tmuxinator/tmuxinator;7;tmuxinator/tmuxinator;7;;;;;;
venmo/slather;7;venmo/slather;7;venmo/slather;7;;;;;;
Berico-Technologies/CLAVIN;6;Berico-Technologies/CLAVIN;6;Berico-Technologies/CLAVIN;6;;;;;;
Compass/compass-rails;6;Compass/compass-rails;6;Compass/compass-rails;6;;;;;;
FasterXML/jackson-databind;6;FasterXML/jackson-databind;6;FasterXML/jackson-databind;6;;;;;;
Fullscreen/yt;6;Fullscreen/yt;6;Fullscreen/yt;6;;;;;;
Gazler/githug;6;Gazler/githug;6;Gazler/githug;6;;;;;;
MiniProfiler/rack-mini-profiler;6;MiniProfiler/rack-mini-profiler;6;MiniProfiler/rack-mini-profiler;6;;;;;;
NoamB/sorcery;6;NoamB/sorcery;6;NoamB/sorcery;6;;;;;;
RolifyCommunity/rolify;6;RolifyCommunity/rolify;6;RolifyCommunity/rolify;6;;;;;;
RubyMoney/monetize;6;RubyMoney/monetize;6;RubyMoney/monetize;6;;;;;;
Unicon/cas-addons;6;Unicon/cas-addons;6;Unicon/cas-addons;6;;;;;;
activewarehouse/activewarehouse-etl;6;activewarehouse/activewarehouse-etl;6;activewarehouse/activewarehouse-etl;6;;;;;;
addthis/stream-lib;6;addthis/stream-lib;6;addthis/stream-lib;6;;;;;;
ankane/searchkick;6;ankane/searchkick;6;ankane/searchkick;6;;;;;;
aws/aws-sdk-java;6;aws/aws-sdk-java;6;aws/aws-sdk-java;6;;;;;;
azkaban/azkaban;6;azkaban/azkaban;6;azkaban/azkaban;6;;;;;;
berkshelf/berkshelf-api;6;berkshelf/berkshelf-api;6;berkshelf/berkshelf-api;6;;;;;;
bostonrb/bostonrb;6;bostonrb/bostonrb;6;bostonrb/bostonrb;6;;;;;;
bugsnag/bugsnag-android;6;bugsnag/bugsnag-android;6;bugsnag/bugsnag-android;6;;;;;;
castorflex/SmoothProgressBar;6;castorflex/SmoothProgressBar;6;castorflex/SmoothProgressBar;6;;;;;;
celluloid/dcell;6;celluloid/dcell;6;celluloid/dcell;6;;;;;;
celluloid/timers;6;celluloid/timers;6;celluloid/timers;6;;;;;;
codebrew/backbone-rails;6;codebrew/backbone-rails;6;codebrew/backbone-rails;6;;;;;;
collectiveidea/audited;6;collectiveidea/audited;6;collectiveidea/audited;6;;;;;;
collectiveidea/interactor;6;collectiveidea/interactor;6;collectiveidea/interactor;6;;;;;;
cryptosphere/rbnacl;6;cryptosphere/rbnacl;6;cryptosphere/rbnacl;6;;;;;;
csc/Hanlon;6;csc/Hanlon;6;csc/Hanlon;6;;;;;;
danielweinmann/catarse;6;danielweinmann/catarse;6;danielweinmann/catarse;6;;;;;;
datastax/java-driver;6;datastax/java-driver;6;datastax/java-driver;6;;;;;;
ericam/susy;6;ericam/susy;6;ericam/susy;6;;;;;;
erikhuda/thor;6;erikhuda/thor;6;erikhuda/thor;6;;;;;;
excon/excon;6;excon/excon;6;excon/excon;6;;;;;;
fluent/fluent-logger-ruby;6;fluent/fluent-logger-ruby;6;fluent/fluent-logger-ruby;6;;;;;;
flyerhzm/bullet;6;flyerhzm/bullet;6;flyerhzm/bullet;6;;;;;;
foursquare/twofishes;6;foursquare/twofishes;6;foursquare/twofishes;6;;;;;;
futuresimple/android-db-commons;6;futuresimple/android-db-commons;6;futuresimple/android-db-commons;6;;;;;;
gedankenstuecke/snpr;6;gedankenstuecke/snpr;6;gedankenstuecke/snpr;6;;;;;;
ging/social_stream;6;ging/social_stream;6;ging/social_stream;6;;;;;;
git/git-scm.com;6;git/git-scm.com;6;git/git-scm.com;6;;;;;;
google/error-prone;6;google/error-prone;6;google/error-prone;6;;;;;;
google/google-api-ruby-client;6;google/google-api-ruby-client;6;google/google-api-ruby-client;6;;;;;;
grosser/parallel_tests;6;grosser/parallel_tests;6;grosser/parallel_tests;6;;;;;;
heroku/heroku-buildpack-ruby;6;heroku/heroku-buildpack-ruby;6;heroku/heroku-buildpack-ruby;6;;;;;;
iconara/cql-rb;6;iconara/cql-rb;6;iconara/cql-rb;6;;;;;;
igniterealtime/Smack;6;igniterealtime/Smack;6;igniterealtime/Smack;6;;;;;;
iipc/openwayback;6;iipc/openwayback;6;iipc/openwayback;6;;;;;;
inaturalist/inaturalist;6;inaturalist/inaturalist;6;inaturalist/inaturalist;6;;;;;;
influitive/apartment;6;influitive/apartment;6;influitive/apartment;6;;;;;;
javaparser/javaparser;6;javaparser/javaparser;6;javaparser/javaparser;6;;;;;;
jbox-web/redmine_git_hosting;6;jbox-web/redmine_git_hosting;6;jbox-web/redmine_git_hosting;6;;;;;;
jnicklas/turnip;6;jnicklas/turnip;6;jnicklas/turnip;6;;;;;;
joelittlejohn/jsonschema2pojo;6;joelittlejohn/jsonschema2pojo;6;joelittlejohn/jsonschema2pojo;6;;;;;;
josevalim/rails-footnotes;6;josevalim/rails-footnotes;6;josevalim/rails-footnotes;6;;;;;;
jsonld-java/jsonld-java;6;jsonld-java/jsonld-java;6;jsonld-java/jsonld-java;6;;;;;;
laurentpetit/ccw;6;laurentpetit/ccw;6;laurentpetit/ccw;6;;;;;;
lotus/controller;6;lotus/controller;6;lotus/controller;6;;;;;;
lynndylanhurley/devise_token_auth;6;lynndylanhurley/devise_token_auth;6;lynndylanhurley/devise_token_auth;6;;;;;;
mailboxer/mailboxer;6;mailboxer/mailboxer;6;mailboxer/mailboxer;6;;;;;;
matschaffer/knife-solo;6;matschaffer/knife-solo;6;matschaffer/knife-solo;6;;;;;;
middleman/middleman-blog;6;middleman/middleman-blog;6;middleman/middleman-blog;6;;;;;;
mongomapper/mongomapper;6;mongomapper/mongomapper;6;mongomapper/mongomapper;6;;;;;;
neo4jrb/neo4j-core;6;neo4jrb/neo4j-core;6;neo4jrb/neo4j-core;6;;;;;;
opal/opal-jquery;6;opal/opal-jquery;6;opal/opal-jquery;6;;;;;;
openaustralia/morph;6;openaustralia/morph;6;openaustralia/morph;6;;;;;;
openfoodfoundation/openfoodnetwork;6;openfoodfoundation/openfoodnetwork;6;openfoodfoundation/openfoodnetwork;6;;;;;;
owlcs/owlapi;6;owlcs/owlapi;6;owlcs/owlapi;6;;;;;;
pagseguro/ruby;6;pagseguro/ruby;6;pagseguro/ruby;6;;;;;;
pdfkit/pdfkit;6;pdfkit/pdfkit;6;pdfkit/pdfkit;6;;;;;;
phoet/on_ruby;6;phoet/on_ruby;6;phoet/on_ruby;6;;;;;;
phstc/shoryuken;6;phstc/shoryuken;6;phstc/shoryuken;6;;;;;;
pivotal-sprout/sprout-osx-apps;6;pivotal-sprout/sprout-osx-apps;6;pivotal-sprout/sprout-osx-apps;6;;;;;;
plexus/yaks;6;plexus/yaks;6;plexus/yaks;6;;;;;;
prometheus/promdash;6;prometheus/promdash;6;prometheus/promdash;6;;;;;;
psyho/bogus;6;psyho/bogus;6;psyho/bogus;6;;;;;;
qos-ch/slf4j;6;qos-ch/slf4j;6;qos-ch/slf4j;6;;;;;;
querydsl/querydsl;6;querydsl/querydsl;6;querydsl/querydsl;6;;;;;;
radiant/radiant;6;radiant/radiant;6;radiant/radiant;6;;;;;;
rails-assets/rails-assets;6;rails-assets/rails-assets;6;rails-assets/rails-assets;6;;;;;;
rails/activeresource;6;rails/activeresource;6;rails/activeresource;6;;;;;;
railsbp/rails_best_practices;6;railsbp/rails_best_practices;6;railsbp/rails_best_practices;6;;;;;;
rbCAS/CASino;6;rbCAS/CASino;6;rbCAS/CASino;6;;;;;;
realestate-com-au/pact;6;realestate-com-au/pact;6;realestate-com-au/pact;6;;;;;;
recruit-tech/redpen;6;recruit-tech/redpen;6;recruit-tech/redpen;6;;;;;;
rspec/rspec-collection_matchers;6;rspec/rspec-collection_matchers;6;rspec/rspec-collection_matchers;6;;;;;;
rubyzip/rubyzip;6;rubyzip/rubyzip;6;rubyzip/rubyzip;6;;;;;;
savonrb/savon;6;savonrb/savon;6;savonrb/savon;6;;;;;;
scambra/devise_invitable;6;scambra/devise_invitable;6;scambra/devise_invitable;6;;;;;;
searchbox-io/Jest;6;searchbox-io/Jest;6;searchbox-io/Jest;6;;;;;;
seejohnrun/ice_cube;6;seejohnrun/ice_cube;6;seejohnrun/ice_cube;6;;;;;;
slim-template/slim;6;slim-template/slim;6;slim-template/slim;6;;;;;;
spotify/cassandra-reaper;6;spotify/cassandra-reaper;6;spotify/cassandra-reaper;6;;;;;;
spree-contrib/spree_wishlist;6;spree-contrib/spree_wishlist;6;spree-contrib/spree_wishlist;6;;;;;;
square/android-times-square;6;square/android-times-square;6;square/android-times-square;6;;;;;;
square/assertj-android;6;square/assertj-android;6;square/assertj-android;6;;;;;;
square/okio;6;square/okio;6;square/okio;6;;;;;;
sstephenson/sprockets;6;sstephenson/sprockets;6;sstephenson/sprockets;6;;;;;;
swanson/stringer;6;swanson/stringer;6;swanson/stringer;6;;;;;;
teamed/qulice;6;teamed/qulice;6;teamed/qulice;6;;;;;;
teampoltergeist/poltergeist;6;teampoltergeist/poltergeist;6;teampoltergeist/poltergeist;6;;;;;;
threerings/playn;6;threerings/playn;6;threerings/playn;6;;;;;;
tinkerpop/blueprints;6;tinkerpop/blueprints;6;tinkerpop/blueprints;6;;;;;;
travis-ci/travis.rb;6;travis-ci/travis.rb;6;travis-ci/travis.rb;6;;;;;;
troessner/transitions;6;troessner/transitions;6;troessner/transitions;6;;;;;;
twitter/elephant-bird;6;twitter/elephant-bird;6;twitter/elephant-bird;6;;;;;;
twitter/twitter-cldr-rb;6;twitter/twitter-cldr-rb;6;twitter/twitter-cldr-rb;6;;;;;;
typus/typus;6;typus/typus;6;typus/typus;6;;;;;;
yegor256/rultor;6;yegor256/rultor;6;yegor256/rultor;6;;;;;;
zeroturnaround/zt-zip;6;zeroturnaround/zt-zip;6;zeroturnaround/zt-zip;6;;;;;;
BaseXdb/basex;5;BaseXdb/basex;5;BaseXdb/basex;5;;;;;;
DatabaseCleaner/database_cleaner;5;DatabaseCleaner/database_cleaner;5;DatabaseCleaner/database_cleaner;5;;;;;;
Findwise/Hydra;5;Findwise/Hydra;5;Findwise/Hydra;5;;;;;;
Locale/localeapp;5;Locale/localeapp;5;Locale/localeapp;5;;;;;;
Netflix/Hystrix;5;Netflix/Hystrix;5;Netflix/Hystrix;5;;;;;;
Nordstrom/chef-vault;5;Nordstrom/chef-vault;5;Nordstrom/chef-vault;5;;;;;;
OfficeDev/ews-java-api;5;OfficeDev/ews-java-api;5;OfficeDev/ews-java-api;5;;;;;;
OryxProject/oryx;5;OryxProject/oryx;5;OryxProject/oryx;5;;;;;;
Prototik/HoloEverywhere;5;Prototik/HoloEverywhere;5;Prototik/HoloEverywhere;5;;;;;;
RailsApps/rails_apps_composer;5;RailsApps/rails_apps_composer;5;RailsApps/rails_apps_composer;5;;;;;;
SchemaPlus/schema_plus;5;SchemaPlus/schema_plus;5;SchemaPlus/schema_plus;5;;;;;;
Shopify/shopify_theme;5;Shopify/shopify_theme;5;Shopify/shopify_theme;5;;;;;;
abarisain/dmix;5;abarisain/dmix;5;abarisain/dmix;5;;;;;;
adelevie/parse_resource;5;adelevie/parse_resource;5;adelevie/parse_resource;5;;;;;;
adhearsion/adhearsion;5;adhearsion/adhearsion;5;adhearsion/adhearsion;5;;;;;;
airbnb/nerve;5;airbnb/nerve;5;airbnb/nerve;5;;;;;;
anthonycr/Lightning-Browser;5;anthonycr/Lightning-Browser;5;anthonycr/Lightning-Browser;5;;;;;;
apache/tajo;5;apache/tajo;5;apache/tajo;5;;;;;;
aq1018/mongoid-history;5;aq1018/mongoid-history;5;aq1018/mongoid-history;5;;;;;;
arangamani/jenkins_api_client;5;arangamani/jenkins_api_client;5;arangamani/jenkins_api_client;5;;;;;;
ari/jobsworth;5;ari/jobsworth;5;ari/jobsworth;5;;;;;;
artem-zinnatullin/android-wail-app;5;artem-zinnatullin/android-wail-app;5;artem-zinnatullin/android-wail-app;5;;;;;;
assaf/vanity;5;assaf/vanity;5;assaf/vanity;5;;;;;;
awestruct/awestruct;5;awestruct/awestruct;5;awestruct/awestruct;5;;;;;;
bflad/chef-docker;5;bflad/chef-docker;5;bflad/chef-docker;5;;;;;;
brianmario/mysql2;5;brianmario/mysql2;5;brianmario/mysql2;5;;;;;;
caelum/tubaina;5;caelum/tubaina;5;caelum/tubaina;5;;;;;;
calabash/calabash-ios;5;calabash/calabash-ios;5;calabash/calabash-ios;5;;;;;;
celluloid/reel;5;celluloid/reel;5;celluloid/reel;5;;;;;;
charlotte-ruby/impressionist;5;charlotte-ruby/impressionist;5;charlotte-ruby/impressionist;5;;;;;;
chocoteam/choco3;5;chocoteam/choco3;5;chocoteam/choco3;5;;;;;;
clayallsopp/formotion;5;clayallsopp/formotion;5;clayallsopp/formotion;5;;;;;;
code-mancers/invoker;5;code-mancers/invoker;5;code-mancers/invoker;5;;;;;;
colszowka/simplecov;5;colszowka/simplecov;5;colszowka/simplecov;5;;;;;;
crawljax/crawljax;5;crawljax/crawljax;5;crawljax/crawljax;5;;;;;;
davetron5000/methadone;5;davetron5000/methadone;5;davetron5000/methadone;5;;;;;;
davidcelis/api-pagination;5;davidcelis/api-pagination;5;davidcelis/api-pagination;5;;;;;;
dblock/waffle;5;dblock/waffle;5;dblock/waffle;5;;;;;;
deeplearning4j/deeplearning4j;5;deeplearning4j/deeplearning4j;5;deeplearning4j/deeplearning4j;5;;;;;;
discourse/onebox;5;discourse/onebox;5;discourse/onebox;5;;;;;;
dkubb/equalizer;5;dkubb/equalizer;5;dkubb/equalizer;5;;;;;;
doorkeeper-gem/doorkeeper;5;doorkeeper-gem/doorkeeper;5;doorkeeper-gem/doorkeeper;5;;;;;;
eclipse/jetty.project;5;eclipse/jetty.project;5;eclipse/jetty.project;5;;;;;;
elm-city-craftworks/practicing-ruby-web;5;elm-city-craftworks/practicing-ruby-web;5;elm-city-craftworks/practicing-ruby-web;5;;;;;;
embulk/embulk;5;embulk/embulk;5;embulk/embulk;5;;;;;;
eventmachine/eventmachine;5;eventmachine/eventmachine;5;eventmachine/eventmachine;5;;;;;;
everzet/capifony;5;everzet/capifony;5;everzet/capifony;5;;;;;;
fastlane/spaceship;5;fastlane/spaceship;5;fastlane/spaceship;5;;;;;;
fatfreecrm/fat_free_crm;5;fatfreecrm/fat_free_crm;5;fatfreecrm/fat_free_crm;5;;;;;;
frab/frab;5;frab/frab;5;frab/frab;5;;;;;;
franckverrot/activevalidators;5;franckverrot/activevalidators;5;franckverrot/activevalidators;5;;;;;;
garethr/garethr-docker;5;garethr/garethr-docker;5;garethr/garethr-docker;5;;;;;;
gettalong/kramdown;5;gettalong/kramdown;5;gettalong/kramdown;5;;;;;;
github/gemoji;5;github/gemoji;5;github/gemoji;5;;;;;;
google/auto;5;google/auto;5;google/auto;5;;;;;;
hacketyhack/hackety-hack.com;5;hacketyhack/hackety-hack.com;5;hacketyhack/hackety-hack.com;5;;;;;;
haiwen/seadroid;5;haiwen/seadroid;5;haiwen/seadroid;5;;;;;;
heroku/heroku.rb;5;heroku/heroku.rb;5;heroku/heroku.rb;5;;;;;;
hiki/hiki;5;hiki/hiki;5;hiki/hiki;5;;;;;;
honeybadger-io/honeybadger-ruby;5;honeybadger-io/honeybadger-ruby;5;honeybadger-io/honeybadger-ruby;5;;;;;;
hotchemi/Android-Rate;5;hotchemi/Android-Rate;5;hotchemi/Android-Rate;5;;;;;;
iluwatar/java-design-patterns;5;iluwatar/java-design-patterns;5;iluwatar/java-design-patterns;5;;;;;;
influxdb/influxdb-ruby;5;influxdb/influxdb-ruby;5;influxdb/influxdb-ruby;5;;;;;;
integrallis/stripe_event;5;integrallis/stripe_event;5;integrallis/stripe_event;5;;;;;;
intercom/intercom-ruby;5;intercom/intercom-ruby;5;intercom/intercom-ruby;5;;;;;;
intridea/oauth2;5;intridea/oauth2;5;intridea/oauth2;5;;;;;;
intridea/omniauth;5;intridea/omniauth;5;intridea/omniauth;5;;;;;;
ivaldi/brimir;5;ivaldi/brimir;5;ivaldi/brimir;5;;;;;;
jMonkeyEngine/jmonkeyengine;5;jMonkeyEngine/jmonkeyengine;5;jMonkeyEngine/jmonkeyengine;5;;;;;;
jcabi/jcabi-http;5;jcabi/jcabi-http;5;jcabi/jcabi-http;5;;;;;;
jenkinsci/jenkins.rb;5;jenkinsci/jenkins.rb;5;jenkinsci/jenkins.rb;5;;;;;;
jimweirich/rake;5;jimweirich/rake;5;jimweirich/rake;5;;;;;;
jipiboily/monologue;5;jipiboily/monologue;5;jipiboily/monologue;5;;;;;;
jnunemaker/httparty;5;jnunemaker/httparty;5;jnunemaker/httparty;5;;;;;;
joscha/play-authenticate;5;joscha/play-authenticate;5;joscha/play-authenticate;5;;;;;;
jphp-compiler/jphp;5;jphp-compiler/jphp;5;jphp-compiler/jphp;5;;;;;;
jruby/jruby-rack;5;jruby/jruby-rack;5;jruby/jruby-rack;5;;;;;;
jruby/warbler;5;jruby/warbler;5;jruby/warbler;5;;;;;;
kishikawakatsumi/xcjobs;5;kishikawakatsumi/xcjobs;5;kishikawakatsumi/xcjobs;5;;;;;;
kongchen/swagger-maven-plugin;5;kongchen/swagger-maven-plugin;5;kongchen/swagger-maven-plugin;5;;;;;;
kytrinyx/etsy;5;kytrinyx/etsy;5;kytrinyx/etsy;5;;;;;;
la-team/light-admin;5;la-team/light-admin;5;la-team/light-admin;5;;;;;;
laradji/zabbix;5;laradji/zabbix;5;laradji/zabbix;5;;;;;;
layervault/psd.rb;5;layervault/psd.rb;5;layervault/psd.rb;5;;;;;;
lemire/RoaringBitmap;5;lemire/RoaringBitmap;5;lemire/RoaringBitmap;5;;;;;;
livingsocial/rake-pipeline;5;livingsocial/rake-pipeline;5;livingsocial/rake-pipeline;5;;;;;;
locomote/gusteau;5;locomote/gusteau;5;locomote/gusteau;5;;;;;;
lodge/lodge;5;lodge/lodge;5;lodge/lodge;5;;;;;;
lsegal/yard;5;lsegal/yard;5;lsegal/yard;5;;;;;;
manshar/manshar;5;manshar/manshar;5;manshar/manshar;5;;;;;;
maxcom/lorsource;5;maxcom/lorsource;5;maxcom/lorsource;5;;;;;;
mbj/anima;5;mbj/anima;5;mbj/anima;5;;;;;;
mgomes/api_auth;5;mgomes/api_auth;5;mgomes/api_auth;5;;;;;;
mperham/dalli;5;mperham/dalli;5;mperham/dalli;5;;;;;;
msgpack/msgpack-java;5;msgpack/msgpack-java;5;msgpack/msgpack-java;5;;;;;;
numenta/htm.java;5;numenta/htm.java;5;numenta/htm.java;5;;;;;;
ocpsoft/rewrite;5;ocpsoft/rewrite;5;ocpsoft/rewrite;5;;;;;;
octopress/octopress;5;octopress/octopress;5;octopress/octopress;5;;;;;;
pat/thinking-sphinx;5;pat/thinking-sphinx;5;pat/thinking-sphinx;5;;;;;;
postrank-labs/goliath;5;postrank-labs/goliath;5;postrank-labs/goliath;5;;;;;;
protobuf-ruby/beefcake;5;protobuf-ruby/beefcake;5;protobuf-ruby/beefcake;5;;;;;;
puma/puma;5;puma/puma;5;puma/puma;5;;;;;;
puniverse/quasar;5;puniverse/quasar;5;puniverse/quasar;5;;;;;;
redguide/nodejs;5;redguide/nodejs;5;redguide/nodejs;5;;;;;;
rightscale/praxis;5;rightscale/praxis;5;rightscale/praxis;5;;;;;;
rodjek/rspec-puppet;5;rodjek/rspec-puppet;5;rodjek/rspec-puppet;5;;;;;;
roidrage/lograge;5;roidrage/lograge;5;roidrage/lograge;5;;;;;;
ruboto/ruboto;5;ruboto/ruboto;5;ruboto/ruboto;5;;;;;;
ruhoh/ruhoh.rb;5;ruhoh/ruhoh.rb;5;ruhoh/ruhoh.rb;5;;;;;;
schacon/ruby-git;5;schacon/ruby-git;5;schacon/ruby-git;5;;;;;;
scobal/seyren;5;scobal/seyren;5;scobal/seyren;5;;;;;;
sevntu-checkstyle/sevntu.checkstyle;5;sevntu-checkstyle/sevntu.checkstyle;5;sevntu-checkstyle/sevntu.checkstyle;5;;;;;;
sferik/t;5;sferik/t;5;sferik/t;5;;;;;;
simpligility/android-maven-plugin;5;simpligility/android-maven-plugin;5;simpligility/android-maven-plugin;5;;;;;;
sparklemotion/mechanize;5;sparklemotion/mechanize;5;sparklemotion/mechanize;5;;;;;;
sparklemotion/sqlite3-ruby;5;sparklemotion/sqlite3-ruby;5;sparklemotion/sqlite3-ruby;5;;;;;;
square/keywhiz;5;square/keywhiz;5;square/keywhiz;5;;;;;;
stevegraham/slanger;5;stevegraham/slanger;5;stevegraham/slanger;5;;;;;;
tchandy/octopus;5;tchandy/octopus;5;tchandy/octopus;5;;;;;;
the-teacher/the_role;5;the-teacher/the_role;5;the-teacher/the_role;5;;;;;;
thoughtbot/capybara-webkit;5;thoughtbot/capybara-webkit;5;thoughtbot/capybara-webkit;5;;;;;;
thoughtbot/factory_girl_rails;5;thoughtbot/factory_girl_rails;5;thoughtbot/factory_girl_rails;5;;;;;;
thoughtbot/flutie;5;thoughtbot/flutie;5;thoughtbot/flutie;5;;;;;;
tigrish/devise-i18n;5;tigrish/devise-i18n;5;tigrish/devise-i18n;5;;;;;;
tpitale/legato;5;tpitale/legato;5;tpitale/legato;5;;;;;;
twitter/hbc;5;twitter/hbc;5;twitter/hbc;5;;;;;;
Albacore/albacore;4;Albacore/albacore;4;Albacore/albacore;4;;;;;;
Casecommons/pg_search;4;Casecommons/pg_search;4;Casecommons/pg_search;4;;;;;;
CyberAgent/android-gpuimage;4;CyberAgent/android-gpuimage;4;CyberAgent/android-gpuimage;4;;;;;;
Esri/geometry-api-java;4;Esri/geometry-api-java;4;Esri/geometry-api-java;4;;;;;;
FasterXML/jackson-core;4;FasterXML/jackson-core;4;FasterXML/jackson-core;4;;;;;;
ForgeEssentials/ForgeEssentialsMain;4;ForgeEssentials/ForgeEssentialsMain;4;ForgeEssentials/ForgeEssentialsMain;4;;;;;;
Frege/frege;4;Frege/frege;4;Frege/frege;4;;;;;;
GlowstoneMC/Glowstone;4;GlowstoneMC/Glowstone;4;GlowstoneMC/Glowstone;4;;;;;;
JoshCheek/seeing_is_believing;4;JoshCheek/seeing_is_believing;4;JoshCheek/seeing_is_believing;4;;;;;;
KrauseFx/fastlane;4;KrauseFx/fastlane;4;KrauseFx/fastlane;4;;;;;;
LTe/grape-rabl;4;LTe/grape-rabl;4;LTe/grape-rabl;4;;;;;;
MagLev/maglev;4;MagLev/maglev;4;MagLev/maglev;4;;;;;;
Mashape/unirest-java;4;Mashape/unirest-java;4;Mashape/unirest-java;4;;;;;;
OpenGrok/OpenGrok;4;OpenGrok/OpenGrok;4;OpenGrok/OpenGrok;4;;;;;;
OpenTSDB/opentsdb;4;OpenTSDB/opentsdb;4;OpenTSDB/opentsdb;4;;;;;;
Parallels/vagrant-parallels;4;Parallels/vagrant-parallels;4;Parallels/vagrant-parallels;4;;;;;;
SaitoWu/linner;4;SaitoWu/linner;4;SaitoWu/linner;4;;;;;;
WinRb/vagrant-windows;4;WinRb/vagrant-windows;4;WinRb/vagrant-windows;4;;;;;;
afeld/magickly;4;afeld/magickly;4;afeld/magickly;4;;;;;;
airlift/slice;4;airlift/slice;4;airlift/slice;4;;;;;;
alexwolfe/Buttons;4;alexwolfe/Buttons;4;alexwolfe/Buttons;4;;;;;;
aol/micro-server;4;aol/micro-server;4;aol/micro-server;4;;;;;;
apache/jackrabbit-oak;4;apache/jackrabbit-oak;4;apache/jackrabbit-oak;4;;;;;;
apache/sling;4;apache/sling;4;apache/sling;4;;;;;;
asciidoctor/asciidoctor-diagram;4;asciidoctor/asciidoctor-diagram;4;asciidoctor/asciidoctor-diagram;4;;;;;;
attr-encrypted/attr_encrypted;4;attr-encrypted/attr_encrypted;4;attr-encrypted/attr_encrypted;4;;;;;;
camping/camping;4;camping/camping;4;camping/camping;4;;;;;;
cbeust/testng;4;cbeust/testng;4;cbeust/testng;4;;;;;;
cheezy/page-object;4;cheezy/page-object;4;cheezy/page-object;4;;;;;;
cloudera/spark-dataflow;4;cloudera/spark-dataflow;4;cloudera/spark-dataflow;4;;;;;;
codecation/trailmix;4;codecation/trailmix;4;codecation/trailmix;4;;;;;;
codeforamerica/textizen;4;codeforamerica/textizen;4;codeforamerica/textizen;4;;;;;;
cyu/rack-cors;4;cyu/rack-cors;4;cyu/rack-cors;4;;;;;;
danmunn/redmine_dmsf;4;danmunn/redmine_dmsf;4;danmunn/redmine_dmsf;4;;;;;;
dannnylo/rtesseract;4;dannnylo/rtesseract;4;dannnylo/rtesseract;4;;;;;;
data-axle/cassandra_object;4;data-axle/cassandra_object;4;data-axle/cassandra_object;4;;;;;;
dkubb/adamantium;4;dkubb/adamantium;4;dkubb/adamantium;4;;;;;;
dockyard/party_foul;4;dockyard/party_foul;4;dockyard/party_foul;4;;;;;;
drewnoakes/metadata-extractor;4;drewnoakes/metadata-extractor;4;drewnoakes/metadata-extractor;4;;;;;;
egonSchiele/contracts.ruby;4;egonSchiele/contracts.ruby;4;egonSchiele/contracts.ruby;4;;;;;;
eirslett/frontend-maven-plugin;4;eirslett/frontend-maven-plugin;4;eirslett/frontend-maven-plugin;4;;;;;;
electronicarts/orbit;4;electronicarts/orbit;4;electronicarts/orbit;4;;;;;;
escapestudios-cookbooks/newrelic;4;escapestudios-cookbooks/newrelic;4;escapestudios-cookbooks/newrelic;4;;;;;;
express42/zabbixapi;4;express42/zabbixapi;4;express42/zabbixapi;4;;;;;;
facebook/rebound;4;facebook/rebound;4;facebook/rebound;4;;;;;;
feedbin/feedbin;4;feedbin/feedbin;4;feedbin/feedbin;4;;;;;;
fgrehm/vagrant-lxc;4;fgrehm/vagrant-lxc;4;fgrehm/vagrant-lxc;4;;;;;;
flori/json;4;flori/json;4;flori/json;4;;;;;;
fluent/fluent-plugin-s3;4;fluent/fluent-plugin-s3;4;fluent/fluent-plugin-s3;4;;;;;;
fredjean/middleman-s3_sync;4;fredjean/middleman-s3_sync;4;fredjean/middleman-s3_sync;4;;;;;;
freerange/mocha;4;freerange/mocha;4;freerange/mocha;4;;;;;;
gjtorikian/html-proofer;4;gjtorikian/html-proofer;4;gjtorikian/html-proofer;4;;;;;;
glebm/i18n-tasks;4;glebm/i18n-tasks;4;glebm/i18n-tasks;4;;;;;;
glebm/rails_email_preview;4;glebm/rails_email_preview;4;glebm/rails_email_preview;4;;;;;;
google/signet;4;google/signet;4;google/signet;4;;;;;;
grosser/fast_gettext;4;grosser/fast_gettext;4;grosser/fast_gettext;4;;;;;;
grosser/parallel;4;grosser/parallel;4;grosser/parallel;4;;;;;;
guard/guard-livereload;4;guard/guard-livereload;4;guard/guard-livereload;4;;;;;;
guard/guard-minitest;4;guard/guard-minitest;4;guard/guard-minitest;4;;;;;;
guard/guard-spork;4;guard/guard-spork;4;guard/guard-spork;4;;;;;;
hamstergem/hamster;4;hamstergem/hamster;4;hamstergem/hamster;4;;;;;;
helun/Ektorp;4;helun/Ektorp;4;helun/Ektorp;4;;;;;;
integrity/integrity;4;integrity/integrity;4;integrity/integrity;4;;;;;;
jOOQ/jOOQ;4;jOOQ/jOOQ;4;jOOQ/jOOQ;4;;;;;;
javaee-samples/javaee7-samples;4;javaee-samples/javaee7-samples;4;javaee-samples/javaee7-samples;4;;;;;;
jbachorik/btrace;4;jbachorik/btrace;4;jbachorik/btrace;4;;;;;;
jekyll/jekyll-redirect-from;4;jekyll/jekyll-redirect-from;4;jekyll/jekyll-redirect-from;4;;;;;;
jlong/serve;4;jlong/serve;4;jlong/serve;4;;;;;;
kaizenplatform/fluent-plugin-bigquery;4;kaizenplatform/fluent-plugin-bigquery;4;kaizenplatform/fluent-plugin-bigquery;4;;;;;;
kenichi/angelo;4;kenichi/angelo;4;kenichi/angelo;4;;;;;;
kevinsawicki/http-request;4;kevinsawicki/http-request;4;kevinsawicki/http-request;4;;;;;;
kickstarter/rack-attack;4;kickstarter/rack-attack;4;kickstarter/rack-attack;4;;;;;;
killbill/killbill;4;killbill/killbill;4;killbill/killbill;4;;;;;;
ktoso/maven-git-commit-id-plugin;4;ktoso/maven-git-commit-id-plugin;4;ktoso/maven-git-commit-id-plugin;4;;;;;;
kytrinyx/approvals;4;kytrinyx/approvals;4;kytrinyx/approvals;4;;;;;;
lanej/cistern;4;lanej/cistern;4;lanej/cistern;4;;;;;;
ledermann/unread;4;ledermann/unread;4;ledermann/unread;4;;;;;;
leejarvis/slop;4;leejarvis/slop;4;leejarvis/slop;4;;;;;;
lenskit/lenskit;4;lenskit/lenskit;4;lenskit/lenskit;4;;;;;;
librato/librato-metrics;4;librato/librato-metrics;4;librato/librato-metrics;4;;;;;;
linkedin/datafu;4;linkedin/datafu;4;linkedin/datafu;4;;;;;;
lookfirst/sardine;4;lookfirst/sardine;4;lookfirst/sardine;4;;;;;;
lotus/lotus;4;lotus/lotus;4;lotus/lotus;4;;;;;;
lotus/utils;4;lotus/utils;4;lotus/utils;4;;;;;;
lotus/view;4;lotus/view;4;lotus/view;4;;;;;;
luikore/nyara;4;luikore/nyara;4;luikore/nyara;4;;;;;;
mattray/spiceweasel;4;mattray/spiceweasel;4;mattray/spiceweasel;4;;;;;;
maxdemarzi/neography;4;maxdemarzi/neography;4;maxdemarzi/neography;4;;;;;;
mendhak/gpslogger;4;mendhak/gpslogger;4;mendhak/gpslogger;4;;;;;;
metaskills/less-rails-bootstrap;4;metaskills/less-rails-bootstrap;4;metaskills/less-rails-bootstrap;4;;;;;;
mileszs/wicked_pdf;4;mileszs/wicked_pdf;4;mileszs/wicked_pdf;4;;;;;;
mixpanel/mixpanel-ruby;4;mixpanel/mixpanel-ruby;4;mixpanel/mixpanel-ruby;4;;;;;;
myronmarston/vcr;4;myronmarston/vcr;4;myronmarston/vcr;4;;;;;;
nanoc/nanoc;4;nanoc/nanoc;4;nanoc/nanoc;4;;;;;;
nbudin/devise_cas_authenticatable;4;nbudin/devise_cas_authenticatable;4;nbudin/devise_cas_authenticatable;4;;;;;;
notnoop/java-apns;4;notnoop/java-apns;4;notnoop/java-apns;4;;;;;;
oblac/jodd;4;oblac/jodd;4;oblac/jodd;4;;;;;;
orgsync/stoplight;4;orgsync/stoplight;4;orgsync/stoplight;4;;;;;;
oyachai/HearthSim;4;oyachai/HearthSim;4;oyachai/HearthSim;4;;;;;;
p6spy/p6spy;4;p6spy/p6spy;4;p6spy/p6spy;4;;;;;;
palantir/eclipse-typescript;4;palantir/eclipse-typescript;4;palantir/eclipse-typescript;4;;;;;;
peek/peek;4;peek/peek;4;peek/peek;4;;;;;;
pengwynn/faraday_middleware;4;pengwynn/faraday_middleware;4;pengwynn/faraday_middleware;4;;;;;;
perwendel/spark;4;perwendel/spark;4;perwendel/spark;4;;;;;;
philostler/rspec-sidekiq;4;philostler/rspec-sidekiq;4;philostler/rspec-sidekiq;4;;;;;;
phlipper/chef-percona;4;phlipper/chef-percona;4;phlipper/chef-percona;4;;;;;;
phstc/putsreq;4;phstc/putsreq;4;phstc/putsreq;4;;;;;;
privly/privly-web;4;privly/privly-web;4;privly/privly-web;4;;;;;;
protostuff/protostuff;4;protostuff/protostuff;4;protostuff/protostuff;4;;;;;;
puppetlabs/hiera;4;puppetlabs/hiera;4;puppetlabs/hiera;4;;;;;;
qiniu/java-sdk;4;qiniu/java-sdk;4;qiniu/java-sdk;4;;;;;;
rails/jbuilder;4;rails/jbuilder;4;rails/jbuilder;4;;;;;;
railsware/js-routes;4;railsware/js-routes;4;railsware/js-routes;4;;;;;;
ranjib/etcd-ruby;4;ranjib/etcd-ruby;4;ranjib/etcd-ruby;4;;;;;;
reficio/p2-maven-plugin;4;reficio/p2-maven-plugin;4;reficio/p2-maven-plugin;4;;;;;;
relayrides/pushy;4;relayrides/pushy;4;relayrides/pushy;4;;;;;;
rodjek/puppet-lint;4;rodjek/puppet-lint;4;rodjek/puppet-lint;4;;;;;;
ruby-json-schema/json-schema;4;ruby-json-schema/json-schema;4;ruby-json-schema/json-schema;4;;;;;;
ruby-ldap/ruby-net-ldap;4;ruby-ldap/ruby-net-ldap;4;ruby-ldap/ruby-net-ldap;4;;;;;;
ruby-rdf/rdf;4;ruby-rdf/rdf;4;ruby-rdf/rdf;4;;;;;;
rubyworks/facets;4;rubyworks/facets;4;rubyworks/facets;4;;;;;;
rumblelabs/asset_sync;4;rumblelabs/asset_sync;4;rumblelabs/asset_sync;4;;;;;;
sanemat/tachikoma;4;sanemat/tachikoma;4;sanemat/tachikoma;4;;;;;;
satyan/sugar;4;satyan/sugar;4;satyan/sugar;4;;;;;;
savonrb/nori;4;savonrb/nori;4;savonrb/nori;4;;;;;;
segmentio/analytics-android;4;segmentio/analytics-android;4;segmentio/analytics-android;4;;;;;;
seratch/gistub;4;seratch/gistub;4;seratch/gistub;4;;;;;;
sferik/multi_xml;4;sferik/multi_xml;4;sferik/multi_xml;4;;;;;;
spree-contrib/spree_i18n;4;spree-contrib/spree_i18n;4;spree-contrib/spree_i18n;4;;;;;;
spring-cloud/spring-cloud-config;4;spring-cloud/spring-cloud-config;4;spring-cloud/spring-cloud-config;4;;;;;;
spring-projects/spring-data-examples;4;spring-projects/spring-data-examples;4;spring-projects/spring-data-examples;4;;;;;;
spullara/mustache.java;4;spullara/mustache.java;4;spullara/mustache.java;4;;;;;;
square/moshi;4;square/moshi;4;square/moshi;4;;;;;;
stanfy/enroscar;4;stanfy/enroscar;4;stanfy/enroscar;4;;;;;;
stripe/mosql;4;stripe/mosql;4;stripe/mosql;4;;;;;;
sue445/rubicure;4;sue445/rubicure;4;sue445/rubicure;4;;;;;;
taskrabbit/makara;4;taskrabbit/makara;4;taskrabbit/makara;4;;;;;;
thoughtbot/appraisal;4;thoughtbot/appraisal;4;thoughtbot/appraisal;4;;;;;;
thoughtbot/kumade;4;thoughtbot/kumade;4;thoughtbot/kumade;4;;;;;;
togglz/togglz;4;togglz/togglz;4;togglz/togglz;4;;;;;;
tomp2p/TomP2P;4;tomp2p/TomP2P;4;tomp2p/TomP2P;4;;;;;;
torquebox/torquebox;4;torquebox/torquebox;4;torquebox/torquebox;4;;;;;;
typhoeus/ethon;4;typhoeus/ethon;4;typhoeus/ethon;4;;;;;;
venmo/synx;4;venmo/synx;4;venmo/synx;4;;;;;;
voormedia/rails-erd;4;voormedia/rails-erd;4;voormedia/rails-erd;4;;;;;;
winebarrel/ridgepole;4;winebarrel/ridgepole;4;winebarrel/ridgepole;4;;;;;;
woorea/openstack-java-sdk;4;woorea/openstack-java-sdk;4;woorea/openstack-java-sdk;4;;;;;;
wr0ngway/rubber;4;wr0ngway/rubber;4;wr0ngway/rubber;4;;;;;;
yahoo/samoa;4;yahoo/samoa;4;yahoo/samoa;4;;;;;;
yuki24/did_you_mean;4;yuki24/did_you_mean;4;yuki24/did_you_mean;4;;;;;;
47deg/appsly-android-rest;3;47deg/appsly-android-rest;3;47deg/appsly-android-rest;3;;;;;;
AChep/AcDisplay;3;AChep/AcDisplay;3;AChep/AcDisplay;3;;;;;;
BoltsFramework/Bolts-Android;3;BoltsFramework/Bolts-Android;3;BoltsFramework/Bolts-Android;3;;;;;;
DozerMapper/dozer;3;DozerMapper/dozer;3;DozerMapper/dozer;3;;;;;;
FontCustom/fontcustom;3;FontCustom/fontcustom;3;FontCustom/fontcustom;3;;;;;;
Graylog2/graylog2-server;3;Graylog2/graylog2-server;3;Graylog2/graylog2-server;3;;;;;;
Homebrew/homebrew-bundle;3;Homebrew/homebrew-bundle;3;Homebrew/homebrew-bundle;3;;;;;;
JakeWharton/timber;3;JakeWharton/timber;3;JakeWharton/timber;3;;;;;;
JavaMoney/jsr354-api;3;JavaMoney/jsr354-api;3;JavaMoney/jsr354-api;3;;;;;;
JuanitoFatas/fast-ruby;3;JuanitoFatas/fast-ruby;3;JuanitoFatas/fast-ruby;3;;;;;;
KatanaCode/blogit;3;KatanaCode/blogit;3;KatanaCode/blogit;3;;;;;;
KrauseFx/deliver;3;KrauseFx/deliver;3;KrauseFx/deliver;3;;;;;;
Mach5/supersonic;3;Mach5/supersonic;3;Mach5/supersonic;3;;;;;;
MirakelX/mirakel-android;3;MirakelX/mirakel-android;3;MirakelX/mirakel-android;3;;;;;;
Nodeclipse/nodeclipse-1;3;Nodeclipse/nodeclipse-1;3;Nodeclipse/nodeclipse-1;3;;;;;;
OneBusAway/onebusaway-android;3;OneBusAway/onebusaway-android;3;OneBusAway/onebusaway-android;3;;;;;;
OpenRefine/OpenRefine;3;OpenRefine/OpenRefine;3;OpenRefine/OpenRefine;3;;;;;;
QueueClassic/queue_classic;3;QueueClassic/queue_classic;3;QueueClassic/queue_classic;3;;;;;;
ReactiveX/Rx.rb;3;ReactiveX/Rx.rb;3;ReactiveX/Rx.rb;3;;;;;;
Shopify/verdict;3;Shopify/verdict;3;Shopify/verdict;3;;;;;;
TMXCredit/pg_power;3;TMXCredit/pg_power;3;TMXCredit/pg_power;3;;;;;;
TestFX/TestFX;3;TestFX/TestFX;3;TestFX/TestFX;3;;;;;;
TwP/logging;3;TwP/logging;3;TwP/logging;3;;;;;;
WeAreFarmGeek/diplomat;3;WeAreFarmGeek/diplomat;3;WeAreFarmGeek/diplomat;3;;;;;;
WinRb/WinRM;3;WinRb/WinRM;3;WinRb/WinRM;3;;;;;;
ai/autoprefixer-rails;3;ai/autoprefixer-rails;3;ai/autoprefixer-rails;3;;;;;;
albertlatacz/java-repl;3;albertlatacz/java-repl;3;albertlatacz/java-repl;3;;;;;;
alecgorge/jsonapi;3;alecgorge/jsonapi;3;alecgorge/jsonapi;3;;;;;;
alisnic/nyny;3;alisnic/nyny;3;alisnic/nyny;3;;;;;;
ankane/groupdate;3;ankane/groupdate;3;ankane/groupdate;3;;;;;;
asciidocfx/AsciidocFX;3;asciidocfx/AsciidocFX;3;asciidocfx/AsciidocFX;3;;;;;;
asciidoctor/asciidoctor;3;asciidoctor/asciidoctor;3;asciidoctor/asciidoctor;3;;;;;;
asciinema/asciinema.org;3;asciinema/asciinema.org;3;asciinema/asciinema.org;3;;;;;;
atmos/heaven;3;atmos/heaven;3;atmos/heaven;3;;;;;;
avdi/naught;3;avdi/naught;3;avdi/naught;3;;;;;;
basho/riak-java-client;3;basho/riak-java-client;3;basho/riak-java-client;3;;;;;;
beerlington/classy_enum;3;beerlington/classy_enum;3;beerlington/classy_enum;3;;;;;;
benbalter/jekyll-auth;3;benbalter/jekyll-auth;3;benbalter/jekyll-auth;3;;;;;;
benhoskings/babushka;3;benhoskings/babushka;3;benhoskings/babushka;3;;;;;;
bensie/sshkey;3;bensie/sshkey;3;bensie/sshkey;3;;;;;;
binarylogic/authlogic;3;binarylogic/authlogic;3;binarylogic/authlogic;3;;;;;;
bitsofproof/supernode;3;bitsofproof/supernode;3;bitsofproof/supernode;3;;;;;;
bkeepers/dotenv;3;bkeepers/dotenv;3;bkeepers/dotenv;3;;;;;;
bkeepers/qu;3;bkeepers/qu;3;bkeepers/qu;3;;;;;;
bogdan/datagrid;3;bogdan/datagrid;3;bogdan/datagrid;3;;;;;;
bumptech/glide;3;bumptech/glide;3;bumptech/glide;3;;;;;;
burtlo/ark;3;burtlo/ark;3;burtlo/ark;3;;;;;;
byroot/activerecord-typedstore;3;byroot/activerecord-typedstore;3;byroot/activerecord-typedstore;3;;;;;;
cantino/reckon;3;cantino/reckon;3;cantino/reckon;3;;;;;;
carymrobbins/intellij-haskforce;3;carymrobbins/intellij-haskforce;3;carymrobbins/intellij-haskforce;3;;;;;;
celluloid/celluloid-zmq;3;celluloid/celluloid-zmq;3;celluloid/celluloid-zmq;3;;;;;;
ceph/ceph-cookbook;3;ceph/ceph-cookbook;3;ceph/ceph-cookbook;3;;;;;;
cgriego/active_attr;3;cgriego/active_attr;3;cgriego/active_attr;3;;;;;;
ci-reporter/ci_reporter;3;ci-reporter/ci_reporter;3;ci-reporter/ci_reporter;3;;;;;;
cloudera/oryx;3;cloudera/oryx;3;cloudera/oryx;3;;;;;;
codeforamerica/adopt-a-hydrant;3;codeforamerica/adopt-a-hydrant;3;codeforamerica/adopt-a-hydrant;3;;;;;;
coorasse/Airesis;3;coorasse/Airesis;3;coorasse/Airesis;3;;;;;;
cypriss/mutations;3;cypriss/mutations;3;cypriss/mutations;3;;;;;;
daimajia/AndroidImageSlider;3;daimajia/AndroidImageSlider;3;daimajia/AndroidImageSlider;3;;;;;;
davidcelis/recommendable;3;davidcelis/recommendable;3;davidcelis/recommendable;3;;;;;;
dblock/rspec-rerun;3;dblock/rspec-rerun;3;dblock/rspec-rerun;3;;;;;;
ddollar/foreman;3;ddollar/foreman;3;ddollar/foreman;3;;;;;;
defunkt/fakefs;3;defunkt/fakefs;3;defunkt/fakefs;3;;;;;;
dejan/rails_panel;3;dejan/rails_panel;3;dejan/rails_panel;3;;;;;;
dita-ot/dita-ot;3;dita-ot/dita-ot;3;dita-ot/dita-ot;3;;;;;;
dkubb/axiom;3;dkubb/axiom;3;dkubb/axiom;3;;;;;;
dkubb/ice_nine;3;dkubb/ice_nine;3;dkubb/ice_nine;3;;;;;;
doanduyhai/Achilles;3;doanduyhai/Achilles;3;doanduyhai/Achilles;3;;;;;;
drbrain/net-http-persistent;3;drbrain/net-http-persistent;3;drbrain/net-http-persistent;3;;;;;;
dreamhead/moco;3;dreamhead/moco;3;dreamhead/moco;3;;;;;;
emilsjolander/sprinkles;3;emilsjolander/sprinkles;3;emilsjolander/sprinkles;3;;;;;;
encrypt-to/encrypt.to;3;encrypt-to/encrypt.to;3;encrypt-to/encrypt.to;3;;;;;;
fastestforward/heroku_san;3;fastestforward/heroku_san;3;fastestforward/heroku_san;3;;;;;;
faye/faye-websocket-ruby;3;faye/faye-websocket-ruby;3;faye/faye-websocket-ruby;3;;;;;;
fernandezpablo85/scribe-java;3;fernandezpablo85/scribe-java;3;fernandezpablo85/scribe-java;3;;;;;;
flood-io/ruby-jmeter;3;flood-io/ruby-jmeter;3;flood-io/ruby-jmeter;3;;;;;;
foursquare/fongo;3;foursquare/fongo;3;foursquare/fongo;3;;;;;;
gavinlaking/vedeu;3;gavinlaking/vedeu;3;gavinlaking/vedeu;3;;;;;;
geminabox/geminabox;3;geminabox/geminabox;3;geminabox/geminabox;3;;;;;;
getsentry/raven-java;3;getsentry/raven-java;3;getsentry/raven-java;3;;;;;;
gogotanaka/Rubype;3;gogotanaka/Rubype;3;gogotanaka/Rubype;3;;;;;;
google/truth;3;google/truth;3;google/truth;3;;;;;;
gree/observed;3;gree/observed;3;gree/observed;3;;;;;;
gresrun/jesque;3;gresrun/jesque;3;gresrun/jesque;3;;;;;;
gwtbootstrap3/gwtbootstrap3;3;gwtbootstrap3/gwtbootstrap3;3;gwtbootstrap3/gwtbootstrap3;3;;;;;;
hashrocket/decent_exposure;3;hashrocket/decent_exposure;3;hashrocket/decent_exposure;3;;;;;;
hexorx/countries;3;hexorx/countries;3;hexorx/countries;3;;;;;;
hotsh/rstat.us;3;hotsh/rstat.us;3;hotsh/rstat.us;3;;;;;;
hstove/rbtc_arbitrage;3;hstove/rbtc_arbitrage;3;hstove/rbtc_arbitrage;3;;;;;;
igrigorik/http-2;3;igrigorik/http-2;3;igrigorik/http-2;3;;;;;;
infochimps-labs/wukong;3;infochimps-labs/wukong;3;infochimps-labs/wukong;3;;;;;;
inossidabile/protector;3;inossidabile/protector;3;inossidabile/protector;3;;;;;;
inviqa/chef-php-extra;3;inviqa/chef-php-extra;3;inviqa/chef-php-extra;3;;;;;;
ioquatix/rubydns;3;ioquatix/rubydns;3;ioquatix/rubydns;3;;;;;;
jaimeiniesta/metainspector;3;jaimeiniesta/metainspector;3;jaimeiniesta/metainspector;3;;;;;;
jamesagnew/hapi-fhir;3;jamesagnew/hapi-fhir;3;jamesagnew/hapi-fhir;3;;;;;;
jasmine/jasmine-gem;3;jasmine/jasmine-gem;3;jasmine/jasmine-gem;3;;;;;;
jayroh/thredded;3;jayroh/thredded;3;jayroh/thredded;3;;;;;;
jayway/JsonPath;3;jayway/JsonPath;3;jayway/JsonPath;3;;;;;;
jberkel/sms-backup-plus;3;jberkel/sms-backup-plus;3;jberkel/sms-backup-plus;3;;;;;;
jdantonio/functional-ruby;3;jdantonio/functional-ruby;3;jdantonio/functional-ruby;3;;;;;;
jetrockets/attrio;3;jetrockets/attrio;3;jetrockets/attrio;3;;;;;;
jfelchner/ruby-progressbar;3;jfelchner/ruby-progressbar;3;jfelchner/ruby-progressbar;3;;;;;;
jfirebaugh/konacha;3;jfirebaugh/konacha;3;jfirebaugh/konacha;3;;;;;;
jhalterman/modelmapper;3;jhalterman/modelmapper;3;jhalterman/modelmapper;3;;;;;;
jmettraux/rufus-scheduler;3;jmettraux/rufus-scheduler;3;jmettraux/rufus-scheduler;3;;;;;;
jnunemaker/flipper;3;jnunemaker/flipper;3;jnunemaker/flipper;3;;;;;;
joakimk/minimapper;3;joakimk/minimapper;3;joakimk/minimapper;3;;;;;;
joliss/jquery-ui-rails;3;joliss/jquery-ui-rails;3;joliss/jquery-ui-rails;3;;;;;;
jorgemanrubia/mailgun_rails;3;jorgemanrubia/mailgun_rails;3;jorgemanrubia/mailgun_rails;3;;;;;;
journeyapps/zxing-android-embedded;3;journeyapps/zxing-android-embedded;3;journeyapps/zxing-android-embedded;3;;;;;;
jsprit/jsprit;3;jsprit/jsprit;3;jsprit/jsprit;3;;;;;;
julianhyde/optiq;3;julianhyde/optiq;3;julianhyde/optiq;3;;;;;;
june29/horesase-boys;3;june29/horesase-boys;3;june29/horesase-boys;3;;;;;;
kernow/shortcode;3;kernow/shortcode;3;kernow/shortcode;3;;;;;;
krisleech/wisper;3;krisleech/wisper;3;krisleech/wisper;3;;;;;;
librato/librato-rails;3;librato/librato-rails;3;librato/librato-rails;3;;;;;;
lostisland/sawyer;3;lostisland/sawyer;3;lostisland/sawyer;3;;;;;;
lukaszkorecki/CoffeeTags;3;lukaszkorecki/CoffeeTags;3;lukaszkorecki/CoffeeTags;3;;;;;;
lviggiano/owner;3;lviggiano/owner;3;lviggiano/owner;3;;;;;;
magnusvk/counter_culture;3;magnusvk/counter_culture;3;magnusvk/counter_culture;3;;;;;;
markbates/configatron;3;markbates/configatron;3;markbates/configatron;3;;;;;;
markevans/dragonfly;3;markevans/dragonfly;3;markevans/dragonfly;3;;;;;;
mattheworiordan/capybara-screenshot;3;mattheworiordan/capybara-screenshot;3;mattheworiordan/capybara-screenshot;3;;;;;;
matthuhiggins/foreigner;3;matthuhiggins/foreigner;3;matthuhiggins/foreigner;3;;;;;;
mbosecke/pebble;3;mbosecke/pebble;3;mbosecke/pebble;3;;;;;;
metaskills/less-rails;3;metaskills/less-rails;3;metaskills/less-rails;3;;;;;;
mhfs/devise-async;3;mhfs/devise-async;3;mhfs/devise-async;3;;;;;;
mikaelhg/urlbuilder;3;mikaelhg/urlbuilder;3;mikaelhg/urlbuilder;3;;;;;;
mikera/vectorz;3;mikera/vectorz;3;mikera/vectorz;3;;;;;;
miketheman/nginx;3;miketheman/nginx;3;miketheman/nginx;3;;;;;;
mivok/markdownlint;3;mivok/markdownlint;3;mivok/markdownlint;3;;;;;;
mmozuras/pronto;3;mmozuras/pronto;3;mmozuras/pronto;3;;;;;;
mongodb/morphia;3;mongodb/morphia;3;mongodb/morphia;3;;;;;;
mpatric/mp3agic;3;mpatric/mp3agic;3;mpatric/mp3agic;3;;;;;;
ms-ati/docile;3;ms-ati/docile;3;ms-ati/docile;3;;;;;;
mybatis/spring;3;mybatis/spring;3;mybatis/spring;3;;;;;;
nahi/httpclient;3;nahi/httpclient;3;nahi/httpclient;3;;;;;;
nateware/redis-objects;3;nateware/redis-objects;3;nateware/redis-objects;3;;;;;;
nathanl/searchlight;3;nathanl/searchlight;3;nathanl/searchlight;3;;;;;;
nkzawa/socket.io-client.java;3;nkzawa/socket.io-client.java;3;nkzawa/socket.io-client.java;3;;;;;;
nohana/Laevatein;3;nohana/Laevatein;3;nohana/Laevatein;3;;;;;;
northworld/google_calendar;3;northworld/google_calendar;3;northworld/google_calendar;3;;;;;;
nov/json-jwt;3;nov/json-jwt;3;nov/json-jwt;3;;;;;;
ongaeshi/milkode;3;ongaeshi/milkode;3;ongaeshi/milkode;3;;;;;;
openid/ruby-openid;3;openid/ruby-openid;3;openid/ruby-openid;3;;;;;;
passy/Android-DirectoryChooser;3;passy/Android-DirectoryChooser;3;passy/Android-DirectoryChooser;3;;;;;;
paulasmuth/fnordmetric;3;paulasmuth/fnordmetric;3;paulasmuth/fnordmetric;3;;;;;;
pboling/sanitize_email;3;pboling/sanitize_email;3;pboling/sanitize_email;3;;;;;;
phlipper/chef-postgresql;3;phlipper/chef-postgresql;3;phlipper/chef-postgresql;3;;;;;;
play/play;3;play/play;3;play/play;3;;;;;;
premailer/premailer;3;premailer/premailer;3;premailer/premailer;3;;;;;;
pulse00/Symfony-2-Eclipse-Plugin;3;pulse00/Symfony-2-Eclipse-Plugin;3;pulse00/Symfony-2-Eclipse-Plugin;3;;;;;;
puniverse/capsule;3;puniverse/capsule;3;puniverse/capsule;3;;;;;;
relevance/diametric;3;relevance/diametric;3;relevance/diametric;3;;;;;;
rhuss/docker-maven-plugin;3;rhuss/docker-maven-plugin;3;rhuss/docker-maven-plugin;3;;;;;;
richpeck/exception_handler;3;richpeck/exception_handler;3;richpeck/exception_handler;3;;;;;;
rockerhieu/emojicon;3;rockerhieu/emojicon;3;rockerhieu/emojicon;3;;;;;;
rstacruz/sinatra-assetpack;3;rstacruz/sinatra-assetpack;3;rstacruz/sinatra-assetpack;3;;;;;;
rtomayko/tilt;3;rtomayko/tilt;3;rtomayko/tilt;3;;;;;;
ruby-amqp/amqp;3;ruby-amqp/amqp;3;ruby-amqp/amqp;3;;;;;;
rubycas/rubycas-client;3;rubycas/rubycas-client;3;rubycas/rubycas-client;3;;;;;;
rubychan/coderay;3;rubychan/coderay;3;rubychan/coderay;3;;;;;;
ryanlecompte/redis_failover;3;ryanlecompte/redis_failover;3;ryanlecompte/redis_failover;3;;;;;;
ryantenney/metrics-spring;3;ryantenney/metrics-spring;3;ryantenney/metrics-spring;3;;;;;;
sachin-handiekar/jInstagram;3;sachin-handiekar/jInstagram;3;sachin-handiekar/jInstagram;3;;;;;;
salesking/sepa_king;3;salesking/sepa_king;3;salesking/sepa_king;3;;;;;;
sarxos/webcam-capture;3;sarxos/webcam-capture;3;sarxos/webcam-capture;3;;;;;;
sass/sass;3;sass/sass;3;sass/sass;3;;;;;;
scttnlsn/dandelion;3;scttnlsn/dandelion;3;scttnlsn/dandelion;3;;;;;;
searls/jasmine-maven-plugin;3;searls/jasmine-maven-plugin;3;searls/jasmine-maven-plugin;3;;;;;;
sethvargo/stove;3;sethvargo/stove;3;sethvargo/stove;3;;;;;;
skylightio/skylight-ruby;3;skylightio/skylight-ruby;3;skylightio/skylight-ruby;3;;;;;;
snitko/straight-server;3;snitko/straight-server;3;snitko/straight-server;3;;;;;;
spockframework/spock;3;spockframework/spock;3;spockframework/spock;3;;;;;;
sporkmonger/addressable;3;sporkmonger/addressable;3;sporkmonger/addressable;3;;;;;;
square/javapoet;3;square/javapoet;3;square/javapoet;3;;;;;;
steelThread/redmon;3;steelThread/redmon;3;steelThread/redmon;3;;;;;;
stephanenicolas/robospice;3;stephanenicolas/robospice;3;stephanenicolas/robospice;3;;;;;;
tent/tentd;3;tent/tentd;3;tent/tentd;3;;;;;;
test-unit/test-unit;3;test-unit/test-unit;3;test-unit/test-unit;3;;;;;;
thibaudgg/video_info;3;thibaudgg/video_info;3;thibaudgg/video_info;3;;;;;;
thoughtbot/paul_revere;3;thoughtbot/paul_revere;3;thoughtbot/paul_revere;3;;;;;;
tilal6991/HoloIRC;3;tilal6991/HoloIRC;3;tilal6991/HoloIRC;3;;;;;;
toy/image_optim;3;toy/image_optim;3;toy/image_optim;3;;;;;;
trautonen/coveralls-maven-plugin;3;trautonen/coveralls-maven-plugin;3;trautonen/coveralls-maven-plugin;3;;;;;;
travis-ci/travis-yaml;3;travis-ci/travis-yaml;3;travis-ci/travis-yaml;3;;;;;;
twitter/cloudhopper-smpp;3;twitter/cloudhopper-smpp;3;twitter/cloudhopper-smpp;3;;;;;;
typesafehub/config;3;typesafehub/config;3;typesafehub/config;3;;;;;;
validator/validator;3;validator/validator;3;validator/validator;3;;;;;;
wvanbergen/chunky_png;3;wvanbergen/chunky_png;3;wvanbergen/chunky_png;3;;;;;;
wvanbergen/request-log-analyzer;3;wvanbergen/request-log-analyzer;3;wvanbergen/request-log-analyzer;3;;;;;;
yob/pdf-reader;3;yob/pdf-reader;3;yob/pdf-reader;3;;;;;;
zeapo/Android-Password-Store;3;zeapo/Android-Password-Store;3;zeapo/Android-Password-Store;3;;;;;;
zeroturnaround/zt-exec;3;zeroturnaround/zt-exec;3;zeroturnaround/zt-exec;3;;;;;;
zquestz/omniauth-google-oauth2;3;zquestz/omniauth-google-oauth2;3;zquestz/omniauth-google-oauth2;3;;;;;;
ActiveJpa/activejpa;2;ActiveJpa/activejpa;2;ActiveJpa/activejpa;2;;;;;;
ArturT/knapsack;2;ArturT/knapsack;2;ArturT/knapsack;2;;;;;;
FasterXML/jackson-annotations;2;FasterXML/jackson-annotations;2;FasterXML/jackson-annotations;2;;;;;;
GiocoApp/gioco;2;GiocoApp/gioco;2;GiocoApp/gioco;2;;;;;;
GoClipse/goclipse;2;GoClipse/goclipse;2;GoClipse/goclipse;2;;;;;;
JakeWharton/DiskLruCache;2;JakeWharton/DiskLruCache;2;JakeWharton/DiskLruCache;2;;;;;;
KronicDeth/intellij-elixir;2;KronicDeth/intellij-elixir;2;KronicDeth/intellij-elixir;2;;;;;;
MaximeD/gem_updater;2;MaximeD/gem_updater;2;MaximeD/gem_updater;2;;;;;;
NARKOZ/ginatra;2;NARKOZ/ginatra;2;NARKOZ/ginatra;2;;;;;;
Netflix/denominator;2;Netflix/denominator;2;Netflix/denominator;2;;;;;;
NicosKaralis/pushmeup;2;NicosKaralis/pushmeup;2;NicosKaralis/pushmeup;2;;;;;;
SQiShER/java-object-diff;2;SQiShER/java-object-diff;2;SQiShER/java-object-diff;2;;;;;;
SimonVT/android-menudrawer;2;SimonVT/android-menudrawer;2;SimonVT/android-menudrawer;2;;;;;;
SoftInstigate/restheart;2;SoftInstigate/restheart;2;SoftInstigate/restheart;2;;;;;;
SpontaneousCMS/spontaneous;2;SpontaneousCMS/spontaneous;2;SpontaneousCMS/spontaneous;2;;;;;;
TimotheeJeannin/ProviGen;2;TimotheeJeannin/ProviGen;2;TimotheeJeannin/ProviGen;2;;;;;;
Tomohiro/airplayer;2;Tomohiro/airplayer;2;Tomohiro/airplayer;2;;;;;;
activerecord-hackery/squeel;2;activerecord-hackery/squeel;2;activerecord-hackery/squeel;2;;;;;;
activescaffold/active_scaffold;2;activescaffold/active_scaffold;2;activescaffold/active_scaffold;2;;;;;;
agoragames/leaderboard;2;agoragames/leaderboard;2;agoragames/leaderboard;2;;;;;;
ai/r18n;2;ai/r18n;2;ai/r18n;2;;;;;;
airbnb/synapse;2;airbnb/synapse;2;airbnb/synapse;2;;;;;;
alt3/cakebox;2;alt3/cakebox;2;alt3/cakebox;2;;;;;;
amatsuda/active_decorator;2;amatsuda/active_decorator;2;amatsuda/active_decorator;2;;;;;;
ananthakumaran/fake_dynamo;2;ananthakumaran/fake_dynamo;2;ananthakumaran/fake_dynamo;2;;;;;;
apache/flink;2;apache/flink;2;apache/flink;2;;;;;;
apneadiving/Google-Maps-for-Rails;2;apneadiving/Google-Maps-for-Rails;2;apneadiving/Google-Maps-for-Rails;2;;;;;;
appleboy/html5-template-engine;2;appleboy/html5-template-engine;2;appleboy/html5-template-engine;2;;;;;;
aprescott/serif;2;aprescott/serif;2;aprescott/serif;2;;;;;;
arches/table_print;2;arches/table_print;2;arches/table_print;2;;;;;;
arsduo/batch_api;2;arsduo/batch_api;2;arsduo/batch_api;2;;;;;;
arsduo/koala;2;arsduo/koala;2;arsduo/koala;2;;;;;;
asakusarb/action_args;2;asakusarb/action_args;2;asakusarb/action_args;2;;;;;;
ashmckenzie/percheron;2;ashmckenzie/percheron;2;ashmckenzie/percheron;2;;;;;;
azagniotov/stubby4j;2;azagniotov/stubby4j;2;azagniotov/stubby4j;2;;;;;;
bartdag/py4j;2;bartdag/py4j;2;bartdag/py4j;2;;;;;;
bbatsov/powerpack;2;bbatsov/powerpack;2;bbatsov/powerpack;2;;;;;;
bear-metal/tunemygc;2;bear-metal/tunemygc;2;bear-metal/tunemygc;2;;;;;;
bemyeyes/bemyeyes-server;2;bemyeyes/bemyeyes-server;2;bemyeyes/bemyeyes-server;2;;;;;;
benbalter/word-to-markdown;2;benbalter/word-to-markdown;2;benbalter/word-to-markdown;2;;;;;;
bikeindex/bike_index;2;bikeindex/bike_index;2;bikeindex/bike_index;2;;;;;;
blowmage/minitest-rails;2;blowmage/minitest-rails;2;blowmage/minitest-rails;2;;;;;;
bokmann/font-awesome-rails;2;bokmann/font-awesome-rails;2;bokmann/font-awesome-rails;2;;;;;;
brewster/elastictastic;2;brewster/elastictastic;2;brewster/elastictastic;2;;;;;;
brigade/overcommit;2;brigade/overcommit;2;brigade/overcommit;2;;;;;;
bruno-medeiros/DDT;2;bruno-medeiros/DDT;2;bruno-medeiros/DDT;2;;;;;;
bwillis/versioncake;2;bwillis/versioncake;2;bwillis/versioncake;2;;;;;;
codeforamerica/follow-all;2;codeforamerica/follow-all;2;codeforamerica/follow-all;2;;;;;;
codez/dry_crud;2;codez/dry_crud;2;codez/dry_crud;2;;;;;;
collectiveidea/json_spec;2;collectiveidea/json_spec;2;collectiveidea/json_spec;2;;;;;;
connectbot/connectbot;2;connectbot/connectbot;2;connectbot/connectbot;2;;;;;;
crowdint/rails3-jquery-autocomplete;2;crowdint/rails3-jquery-autocomplete;2;crowdint/rails3-jquery-autocomplete;2;;;;;;
ctran/annotate_models;2;ctran/annotate_models;2;ctran/annotate_models;2;;;;;;
datamapper/do;2;datamapper/do;2;datamapper/do;2;;;;;;
davidmoten/rxjava-jdbc;2;davidmoten/rxjava-jdbc;2;davidmoten/rxjava-jdbc;2;;;;;;
dejan/auto_html;2;dejan/auto_html;2;dejan/auto_html;2;;;;;;
devnied/EMV-NFC-Paycard-Enrollment;2;devnied/EMV-NFC-Paycard-Enrollment;2;devnied/EMV-NFC-Paycard-Enrollment;2;;;;;;
dinosaurwithakatana/hacker-news-android;2;dinosaurwithakatana/hacker-news-android;2;dinosaurwithakatana/hacker-news-android;2;;;;;;
diowa/icare;2;diowa/icare;2;diowa/icare;2;;;;;;
dkubb/memoizable;2;dkubb/memoizable;2;dkubb/memoizable;2;;;;;;
dmarcotte/github-markdown-preview;2;dmarcotte/github-markdown-preview;2;dmarcotte/github-markdown-preview;2;;;;;;
dradis/dradisframework;2;dradis/dradisframework;2;dradis/dradisframework;2;;;;;;
drrb/puppet-library;2;drrb/puppet-library;2;drrb/puppet-library;2;;;;;;
eapache/starscope;2;eapache/starscope;2;eapache/starscope;2;;;;;;
ejholmes/metaforce;2;ejholmes/metaforce;2;ejholmes/metaforce;2;;;;;;
elcuervo/airplay;2;elcuervo/airplay;2;elcuervo/airplay;2;;;;;;
emberjs/ember-rails;2;emberjs/ember-rails;2;emberjs/ember-rails;2;;;;;;
eric/metriks;2;eric/metriks;2;eric/metriks;2;;;;;;
eval/envied;2;eval/envied;2;eval/envied;2;;;;;;
evolve75/RubyTree;2;evolve75/RubyTree;2;evolve75/RubyTree;2;;;;;;
fabiomaffioletti/jsondoc;2;fabiomaffioletti/jsondoc;2;fabiomaffioletti/jsondoc;2;;;;;;
fazibear/colorize;2;fazibear/colorize;2;fazibear/colorize;2;;;;;;
felipecsl/wombat;2;felipecsl/wombat;2;felipecsl/wombat;2;;;;;;
fgrehm/ventriloquist;2;fgrehm/ventriloquist;2;fgrehm/ventriloquist;2;;;;;;
flavorjones/loofah;2;flavorjones/loofah;2;flavorjones/loofah;2;;;;;;
fnando/browser;2;fnando/browser;2;fnando/browser;2;;;;;;
fphilipe/premailer-rails;2;fphilipe/premailer-rails;2;fphilipe/premailer-rails;2;;;;;;
frankiesardo/icepick;2;frankiesardo/icepick;2;frankiesardo/icepick;2;;;;;;
gabrielemariotti/cardslib;2;gabrielemariotti/cardslib;2;gabrielemariotti/cardslib;2;;;;;;
gamache/hyperresource;2;gamache/hyperresource;2;gamache/hyperresource;2;;;;;;
garybernhardt/selecta;2;garybernhardt/selecta;2;garybernhardt/selecta;2;;;;;;
gazay/gon;2;gazay/gon;2;gazay/gon;2;;;;;;
gistflow/gistflow;2;gistflow/gistflow;2;gistflow/gistflow;2;;;;;;
glejeune/Ruby-Graphviz;2;glejeune/Ruby-Graphviz;2;glejeune/Ruby-Graphviz;2;;;;;;
grosser/wwtd;2;grosser/wwtd;2;grosser/wwtd;2;;;;;;
guardian/swarmize;2;guardian/swarmize;2;guardian/swarmize;2;;;;;;
h3xstream/find-sec-bugs;2;h3xstream/find-sec-bugs;2;h3xstream/find-sec-bugs;2;;;;;;
hstaudacher/osgi-jax-rs-connector;2;hstaudacher/osgi-jax-rs-connector;2;hstaudacher/osgi-jax-rs-connector;2;;;;;;
hsz/idea-gitignore;2;hsz/idea-gitignore;2;hsz/idea-gitignore;2;;;;;;
htty/htty;2;htty/htty;2;htty/htty;2;;;;;;
huerlisi/bookyt;2;huerlisi/bookyt;2;huerlisi/bookyt;2;;;;;;
ianheggie/health_check;2;ianheggie/health_check;2;ianheggie/health_check;2;;;;;;
increments/qiita-markdown;2;increments/qiita-markdown;2;increments/qiita-markdown;2;;;;;;
inf0rmer/blanket;2;inf0rmer/blanket;2;inf0rmer/blanket;2;;;;;;
innoq/iqvoc;2;innoq/iqvoc;2;innoq/iqvoc;2;;;;;;
intridea/hashie;2;intridea/hashie;2;intridea/hashie;2;;;;;;
inukshuk/bibtex-ruby;2;inukshuk/bibtex-ruby;2;inukshuk/bibtex-ruby;2;;;;;;
isaiah/jubilee;2;isaiah/jubilee;2;isaiah/jubilee;2;;;;;;
jakenjarvis/Android-OrmLiteContentProvider;2;jakenjarvis/Android-OrmLiteContentProvider;2;jakenjarvis/Android-OrmLiteContentProvider;2;;;;;;
jarib/childprocess;2;jarib/childprocess;2;jarib/childprocess;2;;;;;;
jayway/rest-assured;2;jayway/rest-assured;2;jayway/rest-assured;2;;;;;;
jdamcd/android-crop;2;jdamcd/android-crop;2;jdamcd/android-crop;2;;;;;;
jdigger/git-process;2;jdigger/git-process;2;jdigger/git-process;2;;;;;;
jekyll/mercenary;2;jekyll/mercenary;2;jekyll/mercenary;2;;;;;;
jhnvz/retina_rails;2;jhnvz/retina_rails;2;jhnvz/retina_rails;2;;;;;;
jhy/jsoup;2;jhy/jsoup;2;jhy/jsoup;2;;;;;;
jimmycuadra/lita;2;jimmycuadra/lita;2;jimmycuadra/lita;2;;;;;;
jimweirich/rspec-given;2;jimweirich/rspec-given;2;jimweirich/rspec-given;2;;;;;;
johncarl81/parceler;2;johncarl81/parceler;2;johncarl81/parceler;2;;;;;;
jordansissel/fpm;2;jordansissel/fpm;2;jordansissel/fpm;2;;;;;;
judofyr/temple;2;judofyr/temple;2;judofyr/temple;2;;;;;;
julianhyde/linq4j;2;julianhyde/linq4j;2;julianhyde/linq4j;2;;;;;;
julman99/gson-fire;2;julman99/gson-fire;2;julman99/gson-fire;2;;;;;;
junegunn/fzf;2;junegunn/fzf;2;junegunn/fzf;2;;;;;;
jwtk/jjwt;2;jwtk/jjwt;2;jwtk/jjwt;2;;;;;;
keen/pingpong;2;keen/pingpong;2;keen/pingpong;2;;;;;;
kei-s/github-preview;2;kei-s/github-preview;2;kei-s/github-preview;2;;;;;;
kelemen/netbeans-gradle-project;2;kelemen/netbeans-gradle-project;2;kelemen/netbeans-gradle-project;2;;;;;;
knightliao/disconf;2;knightliao/disconf;2;knightliao/disconf;2;;;;;;
kovyrin/db-charmer;2;kovyrin/db-charmer;2;kovyrin/db-charmer;2;;;;;;
ksoichiro/Android-ObservableScrollView;2;ksoichiro/Android-ObservableScrollView;2;ksoichiro/Android-ObservableScrollView;2;;;;;;
kuujo/copycat;2;kuujo/copycat;2;kuujo/copycat;2;;;;;;
langalex/couch_potato;2;langalex/couch_potato;2;langalex/couch_potato;2;;;;;;
lardawge/carrierwave_backgrounder;2;lardawge/carrierwave_backgrounder;2;lardawge/carrierwave_backgrounder;2;;;;;;
laserlemon/figaro;2;laserlemon/figaro;2;laserlemon/figaro;2;;;;;;
lassebunk/gretel;2;lassebunk/gretel;2;lassebunk/gretel;2;;;;;;
laurilehmijoki/s3_website;2;laurilehmijoki/s3_website;2;laurilehmijoki/s3_website;2;;;;;;
le0pard/mongodb_logger;2;le0pard/mongodb_logger;2;le0pard/mongodb_logger;2;;;;;;
ligi/PassAndroid;2;ligi/PassAndroid;2;ligi/PassAndroid;2;;;;;;
louismullie/treat;2;louismullie/treat;2;louismullie/treat;2;;;;;;
mame/quine-relay;2;mame/quine-relay;2;mame/quine-relay;2;;;;;;
maoueh/nugrant;2;maoueh/nugrant;2;maoueh/nugrant;2;;;;;;
marcandre/backports;2;marcandre/backports;2;marcandre/backports;2;;;;;;
marubinotto/Piggydb;2;marubinotto/Piggydb;2;marubinotto/Piggydb;2;;;;;;
mattbrictson/airbrussh;2;mattbrictson/airbrussh;2;mattbrictson/airbrussh;2;;;;;;
mbj/unparser;2;mbj/unparser;2;mbj/unparser;2;;;;;;
mdxp/nodejs-cookbook;2;mdxp/nodejs-cookbook;2;mdxp/nodejs-cookbook;2;;;;;;
mfornos/humanize;2;mfornos/humanize;2;mfornos/humanize;2;;;;;;
mirego/gaffe;2;mirego/gaffe;2;mirego/gaffe;2;;;;;;
mixi-inc/RubyTraining;2;mixi-inc/RubyTraining;2;mixi-inc/RubyTraining;2;;;;;;
mkdynamic/omniauth-facebook;2;mkdynamic/omniauth-facebook;2;mkdynamic/omniauth-facebook;2;;;;;;
mongoid-rspec/mongoid-rspec;2;mongoid-rspec/mongoid-rspec;2;mongoid-rspec/mongoid-rspec;2;;;;;;
mongoid/origin;2;mongoid/origin;2;mongoid/origin;2;;;;;;
morgoth/picasa;2;morgoth/picasa;2;morgoth/picasa;2;;;;;;
mperham/girl_friday;2;mperham/girl_friday;2;mperham/girl_friday;2;;;;;;
mustache/mustache;2;mustache/mustache;2;mustache/mustache;2;;;;;;
mycila/license-maven-plugin;2;mycila/license-maven-plugin;2;mycila/license-maven-plugin;2;;;;;;
myui/hivemall;2;myui/hivemall;2;myui/hivemall;2;;;;;;
natritmeyer/site_prism;2;natritmeyer/site_prism;2;natritmeyer/site_prism;2;;;;;;
nesquena/backburner;2;nesquena/backburner;2;nesquena/backburner;2;;;;;;
nevans/resque-pool;2;nevans/resque-pool;2;nevans/resque-pool;2;;;;;;
njonsson/cape;2;njonsson/cape;2;njonsson/cape;2;;;;;;
nviennot/nobrainer;2;nviennot/nobrainer;2;nviennot/nobrainer;2;;;;;;
olbrich/ruby-units;2;olbrich/ruby-units;2;olbrich/ruby-units;2;;;;;;
openpnp/openpnp;2;openpnp/openpnp;2;openpnp/openpnp;2;;;;;;
openstreetmap/openstreetmap-website;2;openstreetmap/openstreetmap-website;2;openstreetmap/openstreetmap-website;2;;;;;;
orbeon/orbeon-forms;2;orbeon/orbeon-forms;2;orbeon/orbeon-forms;2;;;;;;
orientation/orientation;2;orientation/orientation;2;orientation/orientation;2;;;;;;
owlike/genson;2;owlike/genson;2;owlike/genson;2;;;;;;
patriciomacadden/hobbit;2;patriciomacadden/hobbit;2;patriciomacadden/hobbit;2;;;;;;
pbyrne/cron-checker;2;pbyrne/cron-checker;2;pbyrne/cron-checker;2;;;;;;
pedrovgs/Algorithms;2;pedrovgs/Algorithms;2;pedrovgs/Algorithms;2;;;;;;
pedrovgs/DraggablePanel;2;pedrovgs/DraggablePanel;2;pedrovgs/DraggablePanel;2;;;;;;
pedrovgs/Renderers;2;pedrovgs/Renderers;2;pedrovgs/Renderers;2;;;;;;
pellegrino/jackpot;2;pellegrino/jackpot;2;pellegrino/jackpot;2;;;;;;
peter-murach/finite_machine;2;peter-murach/finite_machine;2;peter-murach/finite_machine;2;;;;;;
peter-murach/github_cli;2;peter-murach/github_cli;2;peter-murach/github_cli;2;;;;;;
pewniak747/hipbot;2;pewniak747/hipbot;2;pewniak747/hipbot;2;;;;;;
phlipper/chef-monit;2;phlipper/chef-monit;2;phlipper/chef-monit;2;;;;;;
phoet/asin;2;phoet/asin;2;phoet/asin;2;;;;;;
plashchynski/crono;2;plashchynski/crono;2;plashchynski/crono;2;;;;;;
poise/poise;2;poise/poise;2;poise/poise;2;;;;;;
pothibo/ecrire;2;pothibo/ecrire;2;pothibo/ecrire;2;;;;;;
propublica/daybreak;2;propublica/daybreak;2;propublica/daybreak;2;;;;;;
psi-probe/psi-probe;2;psi-probe/psi-probe;2;psi-probe/psi-probe;2;;;;;;
pushtorefresh/storio;2;pushtorefresh/storio;2;pushtorefresh/storio;2;;;;;;
qos-ch/logback;2;qos-ch/logback;2;qos-ch/logback;2;;;;;;
rabbit-shocker/rabbit;2;rabbit-shocker/rabbit;2;rabbit-shocker/rabbit;2;;;;;;
radar/by_star;2;radar/by_star;2;radar/by_star;2;;;;;;
rails-api/rails-api;2;rails-api/rails-api;2;rails-api/rails-api;2;;;;;;
ralfstx/minimal-json;2;ralfstx/minimal-json;2;ralfstx/minimal-json;2;;;;;;
refile/refile;2;refile/refile;2;refile/refile;2;;;;;;
rehttp/rehttp;2;rehttp/rehttp;2;rehttp/rehttp;2;;;;;;
rejasupotaro/Rebuild;2;rejasupotaro/Rebuild;2;rejasupotaro/Rebuild;2;;;;;;
remiprev/teamocil;2;remiprev/teamocil;2;remiprev/teamocil;2;;;;;;
rest-driver/rest-driver;2;rest-driver/rest-driver;2;rest-driver/rest-driver;2;;;;;;
rgrove/sanitize;2;rgrove/sanitize;2;rgrove/sanitize;2;;;;;;
rondevera/twig;2;rondevera/twig;2;rondevera/twig;2;;;;;;
rs-pro/mongoid-elasticsearch;2;rs-pro/mongoid-elasticsearch;2;rs-pro/mongoid-elasticsearch;2;;;;;;
rsl/stringex;2;rsl/stringex;2;rsl/stringex;2;;;;;;
rslifka/elasticity;2;rslifka/elasticity;2;rslifka/elasticity;2;;;;;;
rubysec/bundler-audit;2;rubysec/bundler-audit;2;rubysec/bundler-audit;2;;;;;;
ruckus/quickeebooks;2;ruckus/quickeebooks;2;ruckus/quickeebooks;2;;;;;;
ryanb/letter_opener;2;ryanb/letter_opener;2;ryanb/letter_opener;2;;;;;;
ryanb/nested_form;2;ryanb/nested_form;2;ryanb/nested_form;2;;;;;;
sahan/RoboZombie;2;sahan/RoboZombie;2;sahan/RoboZombie;2;;;;;;
saturnflyer/surrounded;2;saturnflyer/surrounded;2;saturnflyer/surrounded;2;;;;;;
savonrb/gyoku;2;savonrb/gyoku;2;savonrb/gyoku;2;;;;;;
schneems/wicked;2;schneems/wicked;2;schneems/wicked;2;;;;;;
sferik/mtgox;2;sferik/mtgox;2;sferik/mtgox;2;;;;;;
sferik/sign-in-with-twitter;2;sferik/sign-in-with-twitter;2;sferik/sign-in-with-twitter;2;;;;;;
shageman/the_next_big_thing;2;shageman/the_next_big_thing;2;shageman/the_next_big_thing;2;;;;;;
shawn42/gamebox;2;shawn42/gamebox;2;shawn42/gamebox;2;;;;;;
shyiko/mysql-binlog-connector-java;2;shyiko/mysql-binlog-connector-java;2;shyiko/mysql-binlog-connector-java;2;;;;;;
simonc/memfs;2;simonc/memfs;2;simonc/memfs;2;;;;;;
skoji/gepub;2;skoji/gepub;2;skoji/gepub;2;;;;;;
sorah/mamiya;2;sorah/mamiya;2;sorah/mamiya;2;;;;;;
sosedoff/lxc-ruby;2;sosedoff/lxc-ruby;2;sosedoff/lxc-ruby;2;;;;;;
soundcloud/java-api-wrapper;2;soundcloud/java-api-wrapper;2;soundcloud/java-api-wrapper;2;;;;;;
spacecowboy/NoNonsense-FilePicker;2;spacecowboy/NoNonsense-FilePicker;2;spacecowboy/NoNonsense-FilePicker;2;;;;;;
spacecowboy/NotePad;2;spacecowboy/NotePad;2;spacecowboy/NotePad;2;;;;;;
spilliton/randumb;2;spilliton/randumb;2;spilliton/randumb;2;;;;;;
sstephenson/execjs;2;sstephenson/execjs;2;sstephenson/execjs;2;;;;;;
sunitparekh/data-anonymization;2;sunitparekh/data-anonymization;2;sunitparekh/data-anonymization;2;;;;;;
sunlightlabs/scout;2;sunlightlabs/scout;2;sunlightlabs/scout;2;;;;;;
supermarin/xcpretty;2;supermarin/xcpretty;2;supermarin/xcpretty;2;;;;;;
svenfuchs/gem-release;2;svenfuchs/gem-release;2;svenfuchs/gem-release;2;;;;;;
t-oster/VisiCut;2;t-oster/VisiCut;2;t-oster/VisiCut;2;;;;;;
taganaka/polipus;2;taganaka/polipus;2;taganaka/polipus;2;;;;;;
tananaev/traccar;2;tananaev/traccar;2;tananaev/traccar;2;;;;;;
thetron/mongoid_token;2;thetron/mongoid_token;2;thetron/mongoid_token;2;;;;;;
tinkerpop/gremlin;2;tinkerpop/gremlin;2;tinkerpop/gremlin;2;;;;;;
tjerkw/Android-SlideExpandableListView;2;tjerkw/Android-SlideExpandableListView;2;tjerkw/Android-SlideExpandableListView;2;;;;;;
topfunky/gruff;2;topfunky/gruff;2;topfunky/gruff;2;;;;;;
torakiki/pdfsam;2;torakiki/pdfsam;2;torakiki/pdfsam;2;;;;;;
tpitale/staccato;2;tpitale/staccato;2;tpitale/staccato;2;;;;;;
travisjeffery/timecop;2;travisjeffery/timecop;2;travisjeffery/timecop;2;;;;;;
trifork/erjang;2;trifork/erjang;2;trifork/erjang;2;;;;;;
tscolari/mobylette;2;tscolari/mobylette;2;tscolari/mobylette;2;;;;;;
turboladen/tailor;2;turboladen/tailor;2;turboladen/tailor;2;;;;;;
twilio/twilio-java;2;twilio/twilio-java;2;twilio/twilio-java;2;;;;;;
ushahidi/SMSSync;2;ushahidi/SMSSync;2;ushahidi/SMSSync;2;;;;;;
vaneyckt/Jently;2;vaneyckt/Jently;2;vaneyckt/Jently;2;;;;;;
wasabeef/recyclerview-animators;2;wasabeef/recyclerview-animators;2;wasabeef/recyclerview-animators;2;;;;;;
weppos/whois;2;weppos/whois;2;weppos/whois;2;;;;;;
willdurand/puppet-nodejs;2;willdurand/puppet-nodejs;2;willdurand/puppet-nodejs;2;;;;;;
wvanbergen/state_machine-audit_trail;2;wvanbergen/state_machine-audit_trail;2;wvanbergen/state_machine-audit_trail;2;;;;;;
xerial/sqlite-jdbc;2;xerial/sqlite-jdbc;2;xerial/sqlite-jdbc;2;;;;;;
yolk/valvat;2;yolk/valvat;2;yolk/valvat;2;;;;;;
youpy/ruby-lastfm;2;youpy/ruby-lastfm;2;youpy/ruby-lastfm;2;;;;;;
yujinakayama/guard-rubocop;2;yujinakayama/guard-rubocop;2;yujinakayama/guard-rubocop;2;;;;;;
zdavatz/spreadsheet;2;zdavatz/spreadsheet;2;zdavatz/spreadsheet;2;;;;;;
zdennis/activerecord-import;2;zdennis/activerecord-import;2;zdennis/activerecord-import;2;;;;;;
zenhob/hcl;2;zenhob/hcl;2;zenhob/hcl;2;;;;;;
zhangkaitao/es;2;zhangkaitao/es;2;zhangkaitao/es;2;;;;;;
zinenko/vk-ruby;2;zinenko/vk-ruby;2;zinenko/vk-ruby;2;;;;;;
zxing/zxing;2;zxing/zxing;2;zxing/zxing;2;;;;;;
AzureAD/azure-activedirectory-library-for-android;1;AzureAD/azure-activedirectory-library-for-android;1;AzureAD/azure-activedirectory-library-for-android;1;;;;;;
Gazler/rapidash;1;Gazler/rapidash;1;Gazler/rapidash;1;;;;;;
HubSpot/jinjava;1;HubSpot/jinjava;1;HubSpot/jinjava;1;;;;;;
JodaOrg/joda-time;1;JodaOrg/joda-time;1;JodaOrg/joda-time;1;;;;;;
NetSweet/netsuite;1;NetSweet/netsuite;1;NetSweet/netsuite;1;;;;;;
SimonVT/cathode;1;SimonVT/cathode;1;SimonVT/cathode;1;;;;;;
SomMeri/less4j;1;SomMeri/less4j;1;SomMeri/less4j;1;;;;;;
Sutto/rocket_pants;1;Sutto/rocket_pants;1;Sutto/rocket_pants;1;;;;;;
alvinsj/flatten_record;1;alvinsj/flatten_record;1;alvinsj/flatten_record;1;;;;;;
applicationsonline/librarian;1;applicationsonline/librarian;1;applicationsonline/librarian;1;;;;;;
ariejan/imdb;1;ariejan/imdb;1;ariejan/imdb;1;;;;;;
benjaminoakes/maid;1;benjaminoakes/maid;1;benjaminoakes/maid;1;;;;;;
bokmann/business_time;1;bokmann/business_time;1;bokmann/business_time;1;;;;;;
bploetz/versionist;1;bploetz/versionist;1;bploetz/versionist;1;;;;;;
browsermedia/browsercms;1;browsermedia/browsercms;1;browsermedia/browsercms;1;;;;;;
cassianoleal/vagrant-butcher;1;cassianoleal/vagrant-butcher;1;cassianoleal/vagrant-butcher;1;;;;;;
ccocchi/rabl-rails;1;ccocchi/rabl-rails;1;ccocchi/rabl-rails;1;;;;;;
code4craft/webmagic;1;code4craft/webmagic;1;code4craft/webmagic;1;;;;;;
colinsurprenant/redstorm;1;colinsurprenant/redstorm;1;colinsurprenant/redstorm;1;;;;;;
danmayer/coverband;1;danmayer/coverband;1;danmayer/coverband;1;;;;;;
denniskuczynski/beanstalkd_view;1;denniskuczynski/beanstalkd_view;1;denniskuczynski/beanstalkd_view;1;;;;;;
dkubb/veritas;1;dkubb/veritas;1;dkubb/veritas;1;;;;;;
drecom/activerecord-turntable;1;drecom/activerecord-turntable;1;drecom/activerecord-turntable;1;;;;;;
elastic/logstash;1;elastic/logstash;1;elastic/logstash;1;;;;;;
exteso/alf.io;1;exteso/alf.io;1;exteso/alf.io;1;;;;;;
goodow/realtime-store;1;goodow/realtime-store;1;goodow/realtime-store;1;;;;;;
greenrobot/greenDAO;1;greenrobot/greenDAO;1;greenrobot/greenDAO;1;;;;;;
gregorym/bump;1;gregorym/bump;1;gregorym/bump;1;;;;;;
griffon/griffon;1;griffon/griffon;1;griffon/griffon;1;;;;;;
hakanensari/vacuum;1;hakanensari/vacuum;1;hakanensari/vacuum;1;;;;;;
hamcrest/JavaHamcrest;1;hamcrest/JavaHamcrest;1;hamcrest/JavaHamcrest;1;;;;;;
hipchat/hipchat-rb;1;hipchat/hipchat-rb;1;hipchat/hipchat-rb;1;;;;;;
holman/boom;1;holman/boom;1;holman/boom;1;;;;;;
inukshuk/jekyll-scholar;1;inukshuk/jekyll-scholar;1;inukshuk/jekyll-scholar;1;;;;;;
javaslang/javaslang;1;javaslang/javaslang;1;javaslang/javaslang;1;;;;;;
jeremyevans/sequel;1;jeremyevans/sequel;1;jeremyevans/sequel;1;;;;;;
jeremyw/stamp;1;jeremyw/stamp;1;jeremyw/stamp;1;;;;;;
jmkgreen/morphia;1;jmkgreen/morphia;1;jmkgreen/morphia;1;;;;;;
joelittlejohn/embedmongo-maven-plugin;1;joelittlejohn/embedmongo-maven-plugin;1;joelittlejohn/embedmongo-maven-plugin;1;;;;;;
joenorton/rubyretriever;1;joenorton/rubyretriever;1;joenorton/rubyretriever;1;;;;;;
joeyates/imap-backup;1;joeyates/imap-backup;1;joeyates/imap-backup;1;;;;;;
joshwlewis/unitwise;1;joshwlewis/unitwise;1;joshwlewis/unitwise;1;;;;;;
jprante/elasticsearch-jdbc;1;jprante/elasticsearch-jdbc;1;jprante/elasticsearch-jdbc;1;;;;;;
jtwig/jtwig;1;jtwig/jtwig;1;jtwig/jtwig;1;;;;;;
kostyantyn/hydra_attribute;1;kostyantyn/hydra_attribute;1;kostyantyn/hydra_attribute;1;;;;;;
kpumuk/meta-tags;1;kpumuk/meta-tags;1;kpumuk/meta-tags;1;;;;;;
larsga/Duke;1;larsga/Duke;1;larsga/Duke;1;;;;;;
lemurheavy/coveralls-ruby;1;lemurheavy/coveralls-ruby;1;lemurheavy/coveralls-ruby;1;;;;;;
levkhomich/akka-tracing;1;levkhomich/akka-tracing;1;levkhomich/akka-tracing;1;;;;;;
lwe/simple_enum;1;lwe/simple_enum;1;lwe/simple_enum;1;;;;;;
mattdbridges/dotify;1;mattdbridges/dotify;1;mattdbridges/dotify;1;;;;;;
mbulat/plutus;1;mbulat/plutus;1;mbulat/plutus;1;;;;;;
merit-gem/merit;1;merit-gem/merit;1;merit-gem/merit;1;;;;;;
mgodave/barge;1;mgodave/barge;1;mgodave/barge;1;;;;;;
middleman/middleman-autoprefixer;1;middleman/middleman-autoprefixer;1;middleman/middleman-autoprefixer;1;;;;;;
mislav/will_paginate;1;mislav/will_paginate;1;mislav/will_paginate;1;;;;;;
mojombo/god;1;mojombo/god;1;mojombo/god;1;;;;;;
mrkamel/search_cop;1;mrkamel/search_cop;1;mrkamel/search_cop;1;;;;;;
muffinista/chatterbot;1;muffinista/chatterbot;1;muffinista/chatterbot;1;;;;;;
nathanl/authority;1;nathanl/authority;1;nathanl/authority;1;;;;;;
ndbroadbent/turbo-sprockets-rails3;1;ndbroadbent/turbo-sprockets-rails3;1;ndbroadbent/turbo-sprockets-rails3;1;;;;;;
neuland/jade4j;1;neuland/jade4j;1;neuland/jade4j;1;;;;;;
nov/fb_graph;1;nov/fb_graph;1;nov/fb_graph;1;;;;;;
nov/openid_connect;1;nov/openid_connect;1;nov/openid_connect;1;;;;;;
nurkiewicz/spring-data-jdbc-repository;1;nurkiewicz/spring-data-jdbc-repository;1;nurkiewicz/spring-data-jdbc-repository;1;;;;;;
octopress/ink;1;octopress/ink;1;octopress/ink;1;;;;;;
paulasmuth/recommendify;1;paulasmuth/recommendify;1;paulasmuth/recommendify;1;;;;;;
pawurb/termit;1;pawurb/termit;1;pawurb/termit;1;;;;;;
peczenyj/MooseX;1;peczenyj/MooseX;1;peczenyj/MooseX;1;;;;;;
pivotal/LicenseFinder;1;pivotal/LicenseFinder;1;pivotal/LicenseFinder;1;;;;;;
promiscuous-io/promiscuous;1;promiscuous-io/promiscuous;1;promiscuous-io/promiscuous;1;;;;;;
pulse00/Twig-Eclipse-Plugin;1;pulse00/Twig-Eclipse-Plugin;1;pulse00/Twig-Eclipse-Plugin;1;;;;;;
railsbp/rails-bestpractices.com;1;railsbp/rails-bestpractices.com;1;railsbp/rails-bestpractices.com;1;;;;;;
redline-smalltalk/redline-smalltalk;1;redline-smalltalk/redline-smalltalk;1;redline-smalltalk/redline-smalltalk;1;;;;;;
revily/revily;1;revily/revily;1;revily/revily;1;;;;;;
rgeo/activerecord-postgis-adapter;1;rgeo/activerecord-postgis-adapter;1;rgeo/activerecord-postgis-adapter;1;;;;;;
roboguice/roboguice;1;roboguice/roboguice;1;roboguice/roboguice;1;;;;;;
ruby-rdf/json-ld;1;ruby-rdf/json-ld;1;ruby-rdf/json-ld;1;;;;;;
rubys/ruby2js;1;rubys/ruby2js;1;rubys/ruby2js;1;;;;;;
rudionrails/yell;1;rudionrails/yell;1;rudionrails/yell;1;;;;;;
saberma/shopqi;1;saberma/shopqi;1;saberma/shopqi;1;;;;;;
saturnflyer/casting;1;saturnflyer/casting;1;saturnflyer/casting;1;;;;;;
sdywcd/jshoper3x;1;sdywcd/jshoper3x;1;sdywcd/jshoper3x;1;;;;;;
serso/android-common;1;serso/android-common;1;serso/android-common;1;;;;;;
sgruhier/foundation_rails_helper;1;sgruhier/foundation_rails_helper;1;sgruhier/foundation_rails_helper;1;;;;;;
spree-contrib/spree_social;1;spree-contrib/spree_social;1;spree-contrib/spree_social;1;;;;;;
springside/springside4;1;springside/springside4;1;springside/springside4;1;;;;;;
sprsquish/blather;1;sprsquish/blather;1;sprsquish/blather;1;;;;;;
stephanenicolas/Quality-Tools-for-Android;1;stephanenicolas/Quality-Tools-for-Android;1;stephanenicolas/Quality-Tools-for-Android;1;;;;;;
thatJavaNerd/JRAW;1;thatJavaNerd/JRAW;1;thatJavaNerd/JRAW;1;;;;;;
thinreports/thinreports-generator;1;thinreports/thinreports-generator;1;thinreports/thinreports-generator;1;;;;;;
thorin/redmine_ldap_sync;1;thorin/redmine_ldap_sync;1;thorin/redmine_ldap_sync;1;;;;;;
tom-lord/regexp-examples;1;tom-lord/regexp-examples;1;tom-lord/regexp-examples;1;;;;;;
walle/gimli;1;walle/gimli;1;walle/gimli;1;;;;;;
websocket-rails/websocket-rails;1;websocket-rails/websocket-rails;1;websocket-rails/websocket-rails;1;;;;;;
yui/yuicompressor;1;yui/yuicompressor;1;yui/yuicompressor;1;;;;;;
yujinakayama/transpec;1;yujinakayama/transpec;1;yujinakayama/transpec;1;;;;;;
zeisler/active_mocker;1;zeisler/active_mocker;1;zeisler/active_mocker;1;;;;;;
zevarito/mixpanel;1;zevarito/mixpanel;1;zevarito/mixpanel;1;;;;;;
zmoazeni/csscss;1;zmoazeni/csscss;1;zmoazeni/csscss;1;;;;;;
apache/drill;0;apache/drill;0;apache/drill;0;;;;;;
englishtown/vertx-jersey;0;englishtown/vertx-jersey;0;englishtown/vertx-jersey;0;;;;;;
grocer/grocer;0;grocer/grocer;0;grocer/grocer;0;;;;;;
jch/html-pipeline;0;jch/html-pipeline;0;jch/html-pipeline;0;;;;;;
k0kubun/githubranking;0;k0kubun/githubranking;0;k0kubun/githubranking;0;;;;;;
karmi/retire;0;karmi/retire;0;karmi/retire;0;;;;;;
mina-deploy/mina;0;mina-deploy/mina;0;mina-deploy/mina;0;;;;;;
